1	1.0	1.0	0.125	['A2', 'E3', 'A3', 'E4']	['P5', 'P8', 'P12', 'P4']	[0, 5]	[4, 9]
1	27/25	0.0625	0.25	['A2', 'D#3', 'A3', 'F4']	['A4', 'P8', 'm13', 'd5', 'd10', 'm6']	[0, 2, 6]	[3, 5, 9]
1	1.25	0.0625	0.125				
1	133/100	0.25	0.125	['A2', 'E3', 'A3', 'E4']	['P5', 'P8', 'P12', 'P4']	[0, 5]	[4, 9]
1	71/50	0.0625	0.375	['A2', 'D#3', 'A3', 'F4']	['A4', 'P8', 'm13', 'd5', 'd10', 'm6']	[0, 2, 6]	[3, 5, 9]
1	167/100	0.25	0.25	['A2', 'D#3', 'A3', 'F4']	['A4', 'P8', 'm13', 'd5', 'd10', 'm6']	[0, 2, 6]	[3, 5, 9]
1	183/100	0.125	0.25				
1	2.0	0.5	0.125	['C2', 'G2', 'C4', 'F4']	['P5', 'P15', 'P18', 'P11', 'm14', 'P4']	[0, 2, 7]	[5, 7, 0]
1	52/25	0.0625	0.25	['C2', 'A-2', 'C4', 'E4']	['m6', 'P15', 'M17', 'M10', 'A12', 'M3']	[0, 4, 8]	[0, 4, 8]
1	2.25	0.0625	0.125				
1	233/100	0.25	0.125	['C2', 'G2', 'C4', 'F4']	['P5', 'P15', 'P18', 'P11', 'm14', 'P4']	[0, 2, 7]	[5, 7, 0]
1	121/50	0.0625	0.375	['C2', 'A-2', 'C4', 'E4']	['m6', 'P15', 'M17', 'M10', 'A12', 'M3']	[0, 4, 8]	[0, 4, 8]
1	267/100	0.25	0.25	['C2', 'A-2', 'C4', 'E4']	['m6', 'P15', 'M17', 'M10', 'A12', 'M3']	[0, 4, 8]	[0, 4, 8]
1	283/100	0.125	0.25				
2	1.0	1.0	0.125	['A2', 'E3', 'A3', 'E4']	['P5', 'P8', 'P12', 'P4']	[0, 5]	[4, 9]
2	27/25	0.0625	0.25	['A2', 'D#3', 'A3', 'F4']	['A4', 'P8', 'm13', 'd5', 'd10', 'm6']	[0, 2, 6]	[3, 5, 9]
2	1.25	0.0625	0.125				
2	133/100	0.25	0.125	['A2', 'E3', 'A3', 'E4']	['P5', 'P8', 'P12', 'P4']	[0, 5]	[4, 9]
2	71/50	0.0625	0.375	['A2', 'D#3', 'A3', 'F4']	['A4', 'P8', 'm13', 'd5', 'd10', 'm6']	[0, 2, 6]	[3, 5, 9]
2	167/100	0.25	0.25	['A2', 'D#3', 'A3', 'F4']	['A4', 'P8', 'm13', 'd5', 'd10', 'm6']	[0, 2, 6]	[3, 5, 9]
2	183/100	0.125	0.25				
2	2.0	0.5	0.125	['C2', 'G2', 'C4', 'F4']	['P5', 'P15', 'P18', 'P11', 'm14', 'P4']	[0, 2, 7]	[5, 7, 0]
2	52/25	0.0625	0.25	['C2', 'A-2', 'C4', 'E4']	['m6', 'P15', 'M17', 'M10', 'A12', 'M3']	[0, 4, 8]	[0, 4, 8]
2	2.25	0.0625	0.125				
2	233/100	0.25	0.125	['C2', 'G2', 'C4', 'F4']	['P5', 'P15', 'P18', 'P11', 'm14', 'P4']	[0, 2, 7]	[5, 7, 0]
2	121/50	0.0625	0.375	['C2', 'A-2', 'C4', 'E4']	['m6', 'P15', 'M17', 'M10', 'A12', 'M3']	[0, 4, 8]	[0, 4, 8]
2	267/100	0.25	0.25	['C2', 'A-2', 'C4', 'E4']	['m6', 'P15', 'M17', 'M10', 'A12', 'M3']	[0, 4, 8]	[0, 4, 8]
2	283/100	0.125	0.25	['E4']	[]	[0]	[4]
3	1.0	1.0	0.125	['A2', 'E3', 'A3', 'E4', 'C5']	['P5', 'P8', 'P12', 'm17', 'P4', 'm13', 'm10', 'm6']	[0, 3, 7]	[9, 0, 4]
3	27/25	0.0625	0.25	['A2', 'D#3', 'A3', 'F4', 'C5']	['A4', 'P8', 'm13', 'm17', 'd5', 'd10', 'd14', 'm6', 'm10', 'P5']	[0, 2, 5, 8]	[9, 0, 3, 5]
3	1.25	0.0625	0.125	['C5']	[]	[0]	[0]
3	133/100	0.25	0.125	['A2', 'E3', 'A3', 'E4', 'C5']	['P5', 'P8', 'P12', 'm17', 'P4', 'm13', 'm10', 'm6']	[0, 3, 7]	[9, 0, 4]
3	71/50	0.0625	0.375	['A2', 'D#3', 'A3', 'F4', 'C5']	['A4', 'P8', 'm13', 'm17', 'd5', 'd10', 'd14', 'm6', 'm10', 'P5']	[0, 2, 5, 8]	[9, 0, 3, 5]
3	167/100	0.25	0.25	['A2', 'D#3', 'A3', 'F4', 'C5']	['A4', 'P8', 'm13', 'm17', 'd5', 'd10', 'd14', 'm6', 'm10', 'P5']	[0, 2, 5, 8]	[9, 0, 3, 5]
3	183/100	0.125	0.25	['C5']	[]	[0]	[0]
3	2.0	0.5	0.125	['C2', 'G2', 'C4', 'F4', 'G#4']	['P5', 'P15', 'P18', 'A19', 'P11', 'm14', 'A15', 'P4', 'A5', 'A2']	[0, 2, 3, 7]	[5, 7, 8, 0]
3	52/25	0.0625	0.25	['C2', 'A-2', 'C4', 'E4', 'G#4']	['m6', 'P15', 'M17', 'A19', 'M10', 'A12', 'A14', 'M3', 'A5']	[0, 4, 8]	[0, 4, 8]
3	2.25	0.0625	0.125	['G#4']	[]	[0]	[8]
3	233/100	0.25	0.125	['C2', 'G2', 'C4', 'F4', 'G#4']	['P5', 'P15', 'P18', 'A19', 'P11', 'm14', 'A15', 'P4', 'A5', 'A2']	[0, 2, 3, 7]	[5, 7, 8, 0]
3	121/50	0.0625	0.125	['C2', 'A-2', 'C4', 'E4', 'G#4']	['m6', 'P15', 'M17', 'A19', 'M10', 'A12', 'A14', 'M3', 'A5']	[0, 4, 8]	[0, 4, 8]
3	2.5	0.125	0.25	['C2', 'A-2', 'C4', 'E4', 'G#4']	['m6', 'P15', 'M17', 'A19', 'M10', 'A12', 'A14', 'M3', 'A5']	[0, 4, 8]	[0, 4, 8]
3	267/100	0.25	0.25	['C2', 'A-2', 'C4', 'E4', 'G#4']	['m6', 'P15', 'M17', 'A19', 'M10', 'A12', 'A14', 'M3', 'A5']	[0, 4, 8]	[0, 4, 8]
3	283/100	0.125	0.25	['G#4']	[]	[0]	[8]
4	1.0	1.0	0.125	['F2', 'B2', 'A3', 'E4', 'A4']	['A4', 'M10', 'M14', 'M17', 'm7', 'P11', 'm14', 'P5', 'P8', 'P4']	[0, 1, 5, 7]	[4, 5, 9, 11]
4	27/25	0.0625	0.25	['F2', 'C3', 'A3', 'D4', 'A4']	['P5', 'M10', 'M13', 'M17', 'M6', 'M9', 'P4', 'P8']	[0, 3, 5, 8]	[9, 0, 2, 5]
4	1.25	0.0625	0.125	['A4']	[]	[0]	[9]
4	133/100	0.25	0.125	['F2', 'B2', 'A3', 'E4', 'A4']	['A4', 'M10', 'M14', 'M17', 'm7', 'P11', 'm14', 'P5', 'P8', 'P4']	[0, 1, 5, 7]	[4, 5, 9, 11]
4	71/50	0.0625	0.375	['F2', 'C3', 'A3', 'D4', 'A4']	['P5', 'M10', 'M13', 'M17', 'M6', 'M9', 'P4', 'P8']	[0, 3, 5, 8]	[9, 0, 2, 5]
4	167/100	0.25	0.25	['F2', 'C3', 'A3', 'D4', 'A4']	['P5', 'M10', 'M13', 'M17', 'M6', 'M9', 'P4', 'P8']	[0, 3, 5, 8]	[9, 0, 2, 5]
4	183/100	0.125	0.25	['A4']	[]	[0]	[9]
4	2.0	0.5	0.125	['E-2', 'C3', 'G3', 'D4', 'B4']	['M6', 'M10', 'M14', 'A19', 'P5', 'M9']	[0, 1, 3, 4, 8]	[11, 0, 2, 3, 7]
4	52/25	0.0625	0.25	['E-2', 'B2', 'G3', 'E-4', 'B4']	['A5', 'M10', 'P15', 'A19', 'm6', 'd11']	[0, 4, 8]	[3, 7, 11]
4	2.25	0.0625	0.125	['B4']	[]	[0]	[11]
4	233/100	0.25	0.125	['E-2', 'C3', 'G3', 'D4', 'B4']	['M6', 'M10', 'M14', 'A19', 'P5', 'M9']	[0, 1, 3, 4, 8]	[11, 0, 2, 3, 7]
4	121/50	0.0625	0.375	['E-2', 'B2', 'G3', 'E-4', 'B4']	['A5', 'M10', 'P15', 'A19', 'm6', 'd11']	[0, 4, 8]	[3, 7, 11]
4	267/100	0.25	0.25	['E-2', 'B2', 'G3', 'E-4', 'B4']	['A5', 'M10', 'P15', 'A19', 'm6', 'd11']	[0, 4, 8]	[3, 7, 11]
4	283/100	0.125	0.25	['B4']	[]	[0]	[11]
5	1.0	1.0	0.125	['C2', 'A-2', 'E3', 'D#4', 'G4']	['m6', 'M10', 'A16', 'P19', 'A5', 'AA11', 'M14', 'M7', 'm10', 'd4']	[0, 1, 4, 5, 8]	[0, 3, 4, 7, 8]
5	27/25	0.0625	0.25	['C2', 'G2', 'E3', 'E4', 'G4']	['P5', 'M10', 'M17', 'P19', 'M6', 'M13', 'P15', 'P8', 'm10', 'm3']	[0, 3, 7]	[0, 4, 7]
5	1.25	0.0625	0.125	['G4']	[]	[0]	[7]
5	133/100	0.25	0.125	['C2', 'A-2', 'E3', 'D#4', 'G4']	['m6', 'M10', 'A16', 'P19', 'A5', 'AA11', 'M14', 'M7', 'm10', 'd4']	[0, 1, 4, 5, 8]	[0, 3, 4, 7, 8]
5	71/50	0.0625	0.125	['C2', 'G2', 'E3', 'E4', 'G4']	['P5', 'M10', 'M17', 'P19', 'M6', 'M13', 'P15', 'P8', 'm10', 'm3']	[0, 3, 7]	[0, 4, 7]
5	1.5	0.125	0.25	['C2', 'G2', 'E3', 'E4', 'G4']	['P5', 'M10', 'M17', 'P19', 'M6', 'M13', 'P15', 'P8', 'm10', 'm3']	[0, 3, 7]	[0, 4, 7]
5	167/100	0.25	0.25	['C2', 'G2', 'E3', 'E4', 'G4']	['P5', 'M10', 'M17', 'P19', 'M6', 'M13', 'P15', 'P8', 'm10', 'm3']	[0, 3, 7]	[0, 4, 7]
5	183/100	0.125	0.25	['G4']	[]	[0]	[7]
5	2.0	0.5	0.125	['F2', 'D-3', 'F3', 'B3', 'A4']	['m6', 'P8', 'A11', 'M17', 'M3', 'A6', 'A12', 'A4', 'M10', 'm7']	[0, 2, 4, 8]	[9, 11, 1, 5]
5	52/25	0.0625	0.25	['F2', 'C3', 'F3', 'C4', 'A4']	['P5', 'P8', 'P12', 'M17', 'P4', 'M13', 'M10', 'M6']	[0, 3, 7]	[5, 9, 0]
5	2.25	0.0625	0.125	['A4']	[]	[0]	[9]
5	233/100	0.25	0.125	['F2', 'D-3', 'F3', 'B3', 'A4']	['m6', 'P8', 'A11', 'M17', 'M3', 'A6', 'A12', 'A4', 'M10', 'm7']	[0, 2, 4, 8]	[9, 11, 1, 5]
5	121/50	0.0625	0.125	['F2', 'C3', 'F3', 'C4', 'A4']	['P5', 'P8', 'P12', 'M17', 'P4', 'M13', 'M10', 'M6']	[0, 3, 7]	[5, 9, 0]
5	2.5	0.125	0.25	['F2', 'C3', 'F3', 'C4', 'A4']	['P5', 'P8', 'P12', 'M17', 'P4', 'M13', 'M10', 'M6']	[0, 3, 7]	[5, 9, 0]
5	267/100	0.25	0.25	['F2', 'C3', 'F3', 'C4', 'A4']	['P5', 'P8', 'P12', 'M17', 'P4', 'M13', 'M10', 'M6']	[0, 3, 7]	[5, 9, 0]
5	283/100	0.125	0.25	['A4']	[]	[0]	[9]
6	1.0	1.0	0.125	['G2', 'E-3', 'G3', 'A#3', 'G4']	['m6', 'P8', 'A9', 'P15', 'M3', 'AA4', 'M10', 'A2', 'd7']	[0, 3, 7]	[3, 7, 10]
6	27/25	0.0625	0.25	['G2', 'D3', 'G3', 'B3', 'G4']	['P5', 'P8', 'M10', 'P15', 'P4', 'M6', 'P11', 'M3', 'm6']	[0, 3, 7]	[7, 11, 2]
6	1.25	0.0625	0.125	['G4']	[]	[0]	[7]
6	133/100	0.25	0.125	['G2', 'E-3', 'G3', 'A#3', 'G4']	['m6', 'P8', 'A9', 'P15', 'M3', 'AA4', 'M10', 'A2', 'd7']	[0, 3, 7]	[3, 7, 10]
6	71/50	0.0625	0.375	['G2', 'D3', 'G3', 'B3', 'G4']	['P5', 'P8', 'M10', 'P15', 'P4', 'M6', 'P11', 'M3', 'm6']	[0, 3, 7]	[7, 11, 2]
6	167/100	0.25	0.25	['G2', 'D3', 'G3', 'B3', 'G4']	['P5', 'P8', 'M10', 'P15', 'P4', 'M6', 'P11', 'M3', 'm6']	[0, 3, 7]	[7, 11, 2]
6	183/100	0.125	0.25	['G4']	[]	[0]	[7]
6	2.0	0.5	0.125	['E2', 'C3', 'E3', 'F##3', 'E4']	['m6', 'P8', 'A9', 'P15', 'M3', 'AA4', 'M10', 'A2', 'd7']	[0, 3, 7]	[0, 4, 7]
6	52/25	0.0625	0.25	['E2', 'B2', 'E3', 'G#3', 'E4']	['P5', 'P8', 'M10', 'P15', 'P4', 'M6', 'P11', 'M3', 'm6']	[0, 3, 7]	[4, 8, 11]
6	2.25	0.0625	0.125	['E4']	[]	[0]	[4]
6	233/100	0.25	0.125	['E2', 'C3', 'E3', 'F##3', 'E4']	['m6', 'P8', 'A9', 'P15', 'M3', 'AA4', 'M10', 'A2', 'd7']	[0, 3, 7]	[0, 4, 7]
6	121/50	0.0625	0.375	['E2', 'B2', 'E3', 'G#3', 'E4']	['P5', 'P8', 'M10', 'P15', 'P4', 'M6', 'P11', 'M3', 'm6']	[0, 3, 7]	[4, 8, 11]
6	267/100	0.25	0.25	['E2', 'B2', 'E3', 'G#3', 'E4']	['P5', 'P8', 'M10', 'P15', 'P4', 'M6', 'P11', 'M3', 'm6']	[0, 3, 7]	[4, 8, 11]
6	283/100	0.125	0.25	['E4']	[]	[0]	[4]
7	1.0	1.0	0.125	['A2', 'E3', 'A3', 'E4', 'C5']	['P5', 'P8', 'P12', 'm17', 'P4', 'm13', 'm10', 'm6']	[0, 3, 7]	[9, 0, 4]
7	27/25	0.0625	0.25	['A2', 'D#3', 'A3', 'F4', 'C5']	['A4', 'P8', 'm13', 'm17', 'd5', 'd10', 'd14', 'm6', 'm10', 'P5']	[0, 2, 5, 8]	[9, 0, 3, 5]
7	1.25	0.0625	0.125	['C5']	[]	[0]	[0]
7	133/100	0.25	0.125	['A2', 'E3', 'A3', 'E4', 'C5']	['P5', 'P8', 'P12', 'm17', 'P4', 'm13', 'm10', 'm6']	[0, 3, 7]	[9, 0, 4]
7	71/50	0.0625	0.375	['A2', 'D#3', 'A3', 'F4', 'C5']	['A4', 'P8', 'm13', 'm17', 'd5', 'd10', 'd14', 'm6', 'm10', 'P5']	[0, 2, 5, 8]	[9, 0, 3, 5]
7	167/100	0.25	0.25	['A2', 'D#3', 'A3', 'F4', 'C5']	['A4', 'P8', 'm13', 'm17', 'd5', 'd10', 'd14', 'm6', 'm10', 'P5']	[0, 2, 5, 8]	[9, 0, 3, 5]
7	183/100	0.125	0.25	['C5']	[]	[0]	[0]
7	2.0	0.5	0.125	['C2', 'G2', 'B3', 'F4', 'G#4']	['P5', 'M14', 'P18', 'A19', 'M10', 'm14', 'A15', 'd5', 'M6', 'A2']	[0, 1, 4, 5, 7]	[5, 7, 8, 11, 0]
7	52/25	0.0625	0.25	['C2', 'A-2', 'B3', 'E4', 'G#4']	['m6', 'M14', 'M17', 'A19', 'A9', 'A12', 'A14', 'P4', 'M6', 'M3']	[0, 1, 4, 8]	[4, 8, 11, 0]
7	2.25	0.0625	0.125	['G#4']	[]	[0]	[8]
7	233/100	0.25	0.125	['C2', 'G2', 'F4', 'G#4']	['P5', 'P18', 'A19', 'm14', 'A15', 'A2']	[0, 2, 3, 7]	[5, 7, 8, 0]
7	121/50	0.0625	0.375	['C2', 'A-2', 'E4', 'G#4']	['m6', 'M17', 'A19', 'A12', 'A14', 'M3']	[0, 4, 8]	[0, 4, 8]
7	267/100	0.25	0.25	['A-2', 'E4', 'G#4']	['A12', 'A14', 'M3']	[0, 4]	[4, 8]
7	283/100	0.125	0.25	['G#4']	[]	[0]	[8]
8	1.0	1.0	0.125	['F2', 'C3', 'A3', 'E4', 'A4']	['P5', 'M10', 'M14', 'M17', 'M6', 'M13', 'P8', 'P4']	[0, 1, 5, 8]	[4, 5, 9, 0]
8	27/25	0.0625	0.25	['F2', 'D3', 'A3', 'D4', 'A4']	['M6', 'M10', 'M13', 'M17', 'P5', 'P8', 'P12', 'P4']	[0, 3, 7]	[2, 5, 9]
8	1.25	0.0625	0.125	['A4']	[]	[0]	[9]
8	133/100	0.25	0.125	['F2', 'C3', 'A3', 'E4', 'A4']	['P5', 'M10', 'M14', 'M17', 'M6', 'M13', 'P8', 'P4']	[0, 1, 5, 8]	[4, 5, 9, 0]
8	71/50	0.0625	0.375	['F2', 'D3', 'A3', 'D4', 'A4']	['M6', 'M10', 'M13', 'M17', 'P5', 'P8', 'P12', 'P4']	[0, 3, 7]	[2, 5, 9]
8	167/100	0.25	0.25	['F2', 'D3', 'A3', 'D4', 'A4']	['M6', 'M10', 'M13', 'M17', 'P5', 'P8', 'P12', 'P4']	[0, 3, 7]	[2, 5, 9]
8	183/100	0.125	0.25	['A4']	[]	[0]	[9]
8	2.0	0.5	0.125	['B2', 'G3', 'B3', 'D4', 'B4']	['m6', 'P8', 'm10', 'P15', 'M3', 'P5', 'M10', 'm3', 'M6']	[0, 3, 7]	[7, 11, 2]
8	52/25	0.0625	0.25	['B2', 'F#3', 'B3', 'E-4', 'B4']	['P5', 'P8', 'd11', 'P15', 'P4', 'd7', 'P11', 'd4', 'A5']	[0, 3, 7]	[11, 3, 6]
8	2.25	0.0625	0.125	['B4']	[]	[0]	[11]
8	233/100	0.25	0.125	['B2', 'G3', 'D4', 'B4']	['m6', 'm10', 'P15', 'P5', 'M10', 'M6']	[0, 3, 7]	[7, 11, 2]
8	121/50	0.0625	0.375	['B2', 'F#3', 'E-4', 'B4']	['P5', 'd11', 'P15', 'd7', 'P11', 'A5']	[0, 3, 7]	[11, 3, 6]
8	267/100	0.25	0.25	['F#3', 'E-4', 'B4']	['d7', 'P11', 'A5']	[0, 3, 7]	[11, 3, 6]
8	283/100	0.125	0.25	['B4']	[]	[0]	[11]
9	1.0	1.0	0.125	['B-2', 'E3', 'A-3', 'E-4', 'B-4']	['A4', 'm7', 'P11', 'P15', 'd4', 'd8', 'd12', 'P5', 'M9']	[0, 1, 5, 7]	[3, 4, 8, 10]
9	27/25	0.0625	0.25	['B-2', 'F3', 'A-3', 'D4', 'B-4']	['P5', 'm7', 'M10', 'P15', 'm3', 'M6', 'P11', 'A4', 'M9', 'm6']	[0, 2, 5, 8]	[2, 5, 8, 10]
9	1.25	0.0625	0.125	['B-4']	[]	[0]	[10]
9	133/100	0.25	0.125	['B-2', 'E3', 'A-3', 'E-4', 'C5']	['A4', 'm7', 'P11', 'M16', 'd4', 'd8', 'm13', 'P5', 'M10', 'M6']	[0, 1, 4, 6, 8]	[8, 10, 0, 3, 4]
9	71/50	0.0625	0.125	['B-2', 'F3', 'A-3', 'D4', 'C5']	['P5', 'm7', 'M10', 'M16', 'm3', 'M6', 'P12', 'A4']	[0, 2, 4, 6, 9]	[8, 10, 0, 2, 5]
9	1.5	0.125	0.25	['B-2', 'F3', 'A-3', 'D4', 'D5']	['P5', 'm7', 'M10', 'M17', 'm3', 'M6', 'M13', 'A4', 'A11', 'P8']	[0, 2, 5, 8]	[2, 5, 8, 10]
9	167/100	0.25	0.25	['B-2', 'F3', 'A-3', 'D4', 'E-5']	['P5', 'm7', 'M10', 'P18', 'm3', 'M6', 'm14', 'A4', 'P12', 'm9']	[0, 1, 3, 6, 8]	[2, 3, 5, 8, 10]
9	183/100	0.125	0.25	['F5']	[]	[0]	[5]
9	2.0	0.5	0.125	['C3', 'G3', 'E-4', 'A-4', 'G-5']	['P5', 'm10', 'm13', 'd19', 'm6', 'm9', 'd15', 'P4', 'm7']	[0, 1, 2, 5, 8]	[0, 3, 6, 7, 8]
9	52/25	0.0625	0.25	['C3', 'A-3', 'E-4', 'G-4', 'G-5']	['m6', 'm10', 'd12', 'd19', 'P5', 'm7', 'm14', 'm3', 'P8']	[0, 2, 5, 8]	[0, 3, 6, 8]
9	2.25	0.0625	0.125	['G-5']	[]	[0]	[6]
9	233/100	0.25	0.125	['C3', 'G3', 'E-4', 'A-4', 'G-5']	['P5', 'm10', 'm13', 'd19', 'm6', 'm9', 'd15', 'P4', 'm7']	[0, 1, 2, 5, 8]	[0, 3, 6, 7, 8]
9	121/50	0.0625	0.125	['C3', 'A-3', 'E-4', 'G-4', 'G-5']	['m6', 'm10', 'd12', 'd19', 'P5', 'm7', 'm14', 'm3', 'P8']	[0, 2, 5, 8]	[0, 3, 6, 8]
9	2.5	0.125	0.25	['C3', 'A-3', 'E-4', 'G-4', 'F5']	['m6', 'm10', 'd12', 'P18', 'P5', 'm7', 'M13', 'm3', 'M9', 'M7']	[0, 2, 3, 5, 8]	[0, 3, 5, 6, 8]
9	267/100	0.25	0.25	['C3', 'A-3', 'E-4', 'G-4', 'E-5']	['m6', 'm10', 'd12', 'm17', 'P5', 'm7', 'P12', 'm3', 'P8', 'M6']	[0, 2, 5, 8]	[0, 3, 6, 8]
9	283/100	0.125	0.25	['E-5']	[]	[0]	[3]
10	1.0	1.0	0.125	['D-3', 'E3', 'C-4', 'B-4', 'D-5']	['A2', 'm7', 'M13', 'P15', 'd6', 'd12', 'd14', 'M7', 'M9', 'm3']	[0, 1, 3, 6]	[10, 11, 1, 4]
10	27/25	0.0625	0.25	['D-3', 'F3', 'C-4', 'A-4', 'D-5']	['M3', 'm7', 'P12', 'P15', 'd5', 'm10', 'm13', 'M6', 'M9', 'P4']	[0, 2, 5, 8]	[5, 8, 11, 1]
10	1.25	0.0625	0.125	['D-5']	[]	[0]	[1]
10	133/100	0.25	0.125	['D-3', 'E3', 'C-4', 'B-4', 'D-5']	['A2', 'm7', 'M13', 'P15', 'd6', 'd12', 'd14', 'M7', 'M9', 'm3']	[0, 1, 3, 6]	[10, 11, 1, 4]
10	71/50	0.0625	0.375	['D-3', 'F3', 'C-4', 'A-4', 'D-5']	['M3', 'm7', 'P12', 'P15', 'd5', 'm10', 'm13', 'M6', 'M9', 'P4']	[0, 2, 5, 8]	[5, 8, 11, 1]
10	167/100	0.25	0.16666666666666666	['D-3', 'F3', 'C-4', 'A-4', 'C5']	['M3', 'm7', 'P12', 'M14', 'd5', 'm10', 'M6', 'A8']	[0, 1, 2, 5, 8]	[5, 8, 11, 0, 1]
10	89/50	0.0625	0.08333333333333333	['D-3', 'F3', 'C-4', 'A-4', 'E-5']	['M3', 'm7', 'P12', 'M16', 'd5', 'm10', 'm14', 'M6', 'M10', 'P5']	[0, 2, 4, 6, 9]	[11, 1, 3, 5, 8]
10	183/100	0.125	0.08333333333333333	['E-5']	[]	[0]	[3]
10	189/100	0.0625	0.16666666666666666	['D-5']	[]	[0]	[1]
10	2.0	0.5	0.125	['B-2', 'E3', 'D-4', 'B-4', 'C-5']	['A4', 'm10', 'P15', 'm16', 'd7', 'd12', 'd13', 'M6', 'm7', 'm2']	[0, 1, 3, 6]	[10, 11, 1, 4]
10	52/25	0.0625	0.25	['B-2', 'F3', 'D-4', 'B-4']	['P5', 'm10', 'P15', 'm6', 'P11', 'M6']	[0, 3, 7]	[10, 1, 5]
10	2.25	0.0625	0.125	['B-4']	[]	[0]	[10]
10	233/100	0.25	0.125	['B-2', 'E3', 'D-4', 'B-4', 'C-5']	['A4', 'm10', 'P15', 'm16', 'd7', 'd12', 'd13', 'M6', 'm7', 'm2']	[0, 1, 3, 6]	[10, 11, 1, 4]
10	121/50	0.0625	0.375	['B-2', 'F3', 'D-4', 'B-4']	['P5', 'm10', 'P15', 'm6', 'P11', 'M6']	[0, 3, 7]	[10, 1, 5]
10	267/100	0.25	0.25	['B-2', 'F3', 'D-4', 'B-4']	['P5', 'm10', 'P15', 'm6', 'P11', 'M6']	[0, 3, 7]	[10, 1, 5]
10	283/100	0.125	0.25	['B-4']	[]	[0]	[10]
11	1.0	1.0	0.125	['D-3', 'E3', 'C-4', 'B-4', 'C5']	['A2', 'm7', 'M13', 'M14', 'd6', 'd12', 'm13', 'M7', 'A8', 'M2']	[0, 1, 2, 3, 6]	[10, 11, 0, 1, 4]
11	27/25	0.0625	0.125	['D-3', 'F3', 'C-4', 'A-4', 'C5']	['M3', 'm7', 'P12', 'M14', 'd5', 'm10', 'M6', 'A8']	[0, 1, 2, 5, 8]	[5, 8, 11, 0, 1]
11	117/100	0.125	0.125	['F3', 'C-4', 'A-4', 'C5']	['d5', 'm10', 'P12', 'M6', 'A8', 'M3']	[0, 1, 4, 7]	[5, 8, 11, 0]
11	1.25	0.0625	0.125	['C5']	[]	[0]	[0]
11	133/100	0.25	0.125	['D-3', 'E3', 'C-4', 'B-4', 'C5']	['A2', 'm7', 'M13', 'M14', 'd6', 'd12', 'm13', 'M7', 'A8', 'M2']	[0, 1, 2, 3, 6]	[10, 11, 0, 1, 4]
11	71/50	0.0625	0.375	['D-3', 'F3', 'C-4', 'A-4', 'C5']	['M3', 'm7', 'P12', 'M14', 'd5', 'm10', 'M6', 'A8']	[0, 1, 2, 5, 8]	[5, 8, 11, 0, 1]
11	167/100	0.25	0.16666666666666666	['F3', 'C-4', 'A-4', 'C5']	['d5', 'm10', 'P12', 'M6', 'A8', 'M3']	[0, 1, 4, 7]	[5, 8, 11, 0]
11	89/50	0.0625	0.08333333333333333	['F3', 'C-4', 'A-4', 'E-5']	['d5', 'm10', 'm14', 'M6', 'M10', 'P5']	[0, 2, 5, 8]	[3, 5, 8, 11]
11	183/100	0.125	0.08333333333333333	['E-5']	[]	[0]	[3]
11	189/100	0.0625	0.16666666666666666	['D-5']	[]	[0]	[1]
11	2.0	0.5	0.125	['B-2', 'E3', 'D-4', 'B-4', 'C-5']	['A4', 'm10', 'P15', 'm16', 'd7', 'd12', 'd13', 'M6', 'm7', 'm2']	[0, 1, 3, 6]	[10, 11, 1, 4]
11	52/25	0.0625	0.25	['B-2', 'F3', 'D-4', 'B-4']	['P5', 'm10', 'P15', 'm6', 'P11', 'M6']	[0, 3, 7]	[10, 1, 5]
11	2.25	0.0625	0.125	['B-4']	[]	[0]	[10]
11	233/100	0.25	0.125	['B-2', 'E3', 'D-4', 'B-4', 'C-5']	['A4', 'm10', 'P15', 'm16', 'd7', 'd12', 'd13', 'M6', 'm7', 'm2']	[0, 1, 3, 6]	[10, 11, 1, 4]
11	121/50	0.0625	0.375	['B-2', 'F3', 'D-4', 'B-4']	['P5', 'm10', 'P15', 'm6', 'P11', 'M6']	[0, 3, 7]	[10, 1, 5]
11	267/100	0.25	0.25	['B-2', 'F3', 'D-4', 'B-4']	['P5', 'm10', 'P15', 'm6', 'P11', 'M6']	[0, 3, 7]	[10, 1, 5]
11	283/100	0.125	0.25	['B-4']	[]	[0]	[10]
12	1.0	1.0	0.125	['D-3', 'E3', 'C-4', 'B-4', 'D-5']	['A2', 'm7', 'M13', 'P15', 'd6', 'd12', 'd14', 'M7', 'M9', 'm3']	[0, 1, 3, 6]	[10, 11, 1, 4]
12	27/25	0.0625	0.125	['D-3', 'F3', 'C-4', 'A-4', 'D-5']	['M3', 'm7', 'P12', 'P15', 'd5', 'm10', 'm13', 'M6', 'M9', 'P4']	[0, 2, 5, 8]	[5, 8, 11, 1]
12	117/100	0.125	0.125	['F3', 'C-4', 'A-4', 'D-5']	['d5', 'm10', 'm13', 'M6', 'M9', 'P4']	[0, 2, 5, 8]	[5, 8, 11, 1]
12	1.25	0.0625	0.125	['D-5']	[]	[0]	[1]
12	133/100	0.25	0.125	['D-3', 'E3', 'C-4', 'B-4', 'D-5']	['A2', 'm7', 'M13', 'P15', 'd6', 'd12', 'd14', 'M7', 'M9', 'm3']	[0, 1, 3, 6]	[10, 11, 1, 4]
12	71/50	0.0625	0.375	['D-3', 'F3', 'C-4', 'A-4', 'D-5']	['M3', 'm7', 'P12', 'P15', 'd5', 'm10', 'm13', 'M6', 'M9', 'P4']	[0, 2, 5, 8]	[5, 8, 11, 1]
12	167/100	0.25	0.16666666666666666	['F3', 'C-4', 'A-4', 'C5']	['d5', 'm10', 'P12', 'M6', 'A8', 'M3']	[0, 1, 4, 7]	[5, 8, 11, 0]
12	89/50	0.0625	0.08333333333333333	['F3', 'C-4', 'A-4', 'E-5']	['d5', 'm10', 'm14', 'M6', 'M10', 'P5']	[0, 2, 5, 8]	[3, 5, 8, 11]
12	183/100	0.125	0.08333333333333333	['E-5']	[]	[0]	[3]
12	189/100	0.0625	0.16666666666666666	['D-5']	[]	[0]	[1]
12	2.0	0.5	0.125	['B-2', 'E3', 'D-4', 'B-4', 'C-5']	['A4', 'm10', 'P15', 'm16', 'd7', 'd12', 'd13', 'M6', 'm7', 'm2']	[0, 1, 3, 6]	[10, 11, 1, 4]
12	52/25	0.0625	0.25	['B-2', 'F3', 'D-4', 'B-4']	['P5', 'm10', 'P15', 'm6', 'P11', 'M6']	[0, 3, 7]	[10, 1, 5]
12	2.25	0.0625	0.125	['B-4']	[]	[0]	[10]
12	233/100	0.25	0.125	['B-2', 'E3', 'D-4', 'B-4', 'C-5']	['A4', 'm10', 'P15', 'm16', 'd7', 'd12', 'd13', 'M6', 'm7', 'm2']	[0, 1, 3, 6]	[10, 11, 1, 4]
12	121/50	0.0625	0.375	['B-2', 'F3', 'D-4', 'B-4']	['P5', 'm10', 'P15', 'm6', 'P11', 'M6']	[0, 3, 7]	[10, 1, 5]
12	267/100	0.25	0.25	['B-2', 'F3', 'D-4', 'B-4', 'E-5']	['P5', 'm10', 'P15', 'P18', 'm6', 'P11', 'm14', 'M6', 'M9', 'P4']	[0, 2, 4, 7]	[10, 1, 3, 5]
12	283/100	0.125	0.25	['E-5']	[]	[0]	[3]
13	1.0	1.0	0.125	['B-2', 'E3', 'D-4', 'B-4', 'C-5']	['A4', 'm10', 'P15', 'm16', 'd7', 'd12', 'd13', 'M6', 'm7', 'm2']	[0, 1, 3, 6]	[10, 11, 1, 4]
13	27/25	0.0625	0.25	['B-2', 'F3', 'D-4', 'B-4']	['P5', 'm10', 'P15', 'm6', 'P11', 'M6']	[0, 3, 7]	[10, 1, 5]
13	1.25	0.0625	0.125	['B-4']	[]	[0]	[10]
13	133/100	0.25	0.125	['B-2', 'E3', 'D-4', 'B-4', 'C-5']	['A4', 'm10', 'P15', 'm16', 'd7', 'd12', 'd13', 'M6', 'm7', 'm2']	[0, 1, 3, 6]	[10, 11, 1, 4]
13	71/50	0.0625	0.375	['B-2', 'F3', 'D-4', 'B-4']	['P5', 'm10', 'P15', 'm6', 'P11', 'M6']	[0, 3, 7]	[10, 1, 5]
13	167/100	0.25	0.25	['B-2', 'F3', 'D-4', 'B-4', 'E-5']	['P5', 'm10', 'P15', 'P18', 'm6', 'P11', 'm14', 'M6', 'M9', 'P4']	[0, 2, 4, 7]	[10, 1, 3, 5]
13	183/100	0.125	0.25	['E-5']	[]	[0]	[3]
13	2.0	0.5	0.125	['B-2', 'F3', 'F-4', 'B-4', 'C-5']	['P5', 'd12', 'P15', 'm16', 'd8', 'P11', 'A4', 'm2']	[0, 1, 6, 7]	[4, 5, 10, 11]
13	52/25	0.0625	0.25	['B-2', 'G-3', 'F-4', 'B-4']	['m6', 'd12', 'P15', 'm7', 'M10', 'A4']	[0, 2, 6]	[4, 6, 10]
13	2.25	0.0625	0.125	['B-4']	[]	[0]	[10]
13	233/100	0.25	0.125	['B-2', 'F3', 'F-4', 'B-4', 'C-5']	['P5', 'd12', 'P15', 'm16', 'd8', 'P11', 'A4', 'm2']	[0, 1, 6, 7]	[4, 5, 10, 11]
13	121/50	0.0625	0.375	['B-2', 'G-3', 'F-4', 'B-4']	['m6', 'd12', 'P15', 'm7', 'M10', 'A4']	[0, 2, 6]	[4, 6, 10]
13	267/100	0.25	0.25	['B-2', 'G-3', 'F-4', 'B-4', 'E-5']	['m6', 'd12', 'P15', 'P18', 'm7', 'M10', 'M13', 'A4', 'M7', 'P4']	[0, 1, 3, 7]	[3, 4, 6, 10]
13	283/100	0.125	0.25	['E-5']	[]	[0]	[3]
14	1.0	1.0	0.125	['B-2', 'E3', 'D-4', 'B-4', 'C-5']	['A4', 'm10', 'P15', 'm16', 'd7', 'd12', 'd13', 'M6', 'm7', 'm2']	[0, 1, 3, 6]	[10, 11, 1, 4]
14	27/25	0.0625	0.25	['B-2', 'F3', 'D-4', 'B-4']	['P5', 'm10', 'P15', 'm6', 'P11', 'M6']	[0, 3, 7]	[10, 1, 5]
14	1.25	0.0625	0.125	['B-4']	[]	[0]	[10]
14	133/100	0.25	0.125	['B-2', 'E3', 'D-4', 'C-5', 'F5']	['A4', 'm10', 'm16', 'P19', 'd7', 'd13', 'm7', 'M10']	[0, 1, 3, 6, 7]	[10, 11, 1, 4, 5]
14	71/50	0.0625	0.375	['B-2', 'F3', 'D-4', 'B-4', 'F5']	['P5', 'm10', 'P15', 'P19', 'm6', 'P11', 'M6', 'M10']	[0, 3, 7]	[10, 1, 5]
14	167/100	0.25	0.25	['B-2', 'F3', 'D-4', 'B-4', 'F5']	['P5', 'm10', 'P15', 'P19', 'm6', 'P11', 'M6', 'M10']	[0, 3, 7]	[10, 1, 5]
14	183/100	0.125	0.25	['F5']	[]	[0]	[5]
14	2.0	0.5	0.125	['B-2', 'E3', 'D-4', 'C5', 'F5']	['A4', 'm10', 'M16', 'P19', 'd7', 'm13', 'm16', 'M7', 'M10', 'P4']	[0, 1, 4, 5, 7]	[10, 0, 1, 4, 5]
14	52/25	0.0625	0.25	['B-2', 'F3', 'D-4', 'B-4', 'F5']	['P5', 'm10', 'P15', 'P19', 'm6', 'P11', 'M6', 'M10']	[0, 3, 7]	[10, 1, 5]
14	2.25	0.0625	0.125	['F5']	[]	[0]	[5]
14	233/100	0.25	0.125	['B-2', 'E3', 'D-4', 'C5', 'F5']	['A4', 'm10', 'M16', 'P19', 'd7', 'm13', 'm16', 'M7', 'M10', 'P4']	[0, 1, 4, 5, 7]	[10, 0, 1, 4, 5]
14	121/50	0.0625	0.375	['B-2', 'F3', 'D-4', 'B-4', 'F5']	['P5', 'm10', 'P15', 'P19', 'm6', 'P11', 'M6', 'M10']	[0, 3, 7]	[10, 1, 5]
14	267/100	0.25	0.25	['B-2', 'F3', 'D-4', 'B-4', 'F5']	['P5', 'm10', 'P15', 'P19', 'm6', 'P11', 'M6', 'M10']	[0, 3, 7]	[10, 1, 5]
14	283/100	0.125	0.25	['F5']	[]	[0]	[5]
15	1.0	1.0	0.125	['F2', 'B2', 'A3', 'G-4', 'F5']	['A4', 'M10', 'm16', 'P22', 'm7', 'd13', 'd19', 'd7', 'm13', 'M7']	[0, 1, 4, 6]	[5, 6, 9, 11]
15	27/25	0.0625	0.25	['F2', 'C3', 'A3', 'F4', 'F5']	['P5', 'M10', 'P15', 'P22', 'M6', 'P11', 'P18', 'm6', 'm13', 'P8']	[0, 3, 7]	[5, 9, 0]
15	1.25	0.0625	0.125	['F5']	[]	[0]	[5]
15	133/100	0.25	0.125	['F2', 'B2', 'A3', 'G-4', 'F5']	['A4', 'M10', 'm16', 'P22', 'm7', 'd13', 'd19', 'd7', 'm13', 'M7']	[0, 1, 4, 6]	[5, 6, 9, 11]
15	71/50	0.0625	0.375	['F2', 'C3', 'A3', 'F4', 'F5']	['P5', 'M10', 'P15', 'P22', 'M6', 'P11', 'P18', 'm6', 'm13', 'P8']	[0, 3, 7]	[5, 9, 0]
15	167/100	0.25	0.25	['F2', 'C3', 'A3', 'F4', 'F5']	['P5', 'M10', 'P15', 'P22', 'M6', 'P11', 'P18', 'm6', 'm13', 'P8']	[0, 3, 7]	[5, 9, 0]
15	183/100	0.125	0.25	['F5']	[]	[0]	[5]
15	2.0	0.5	0.125	['F2', 'B2', 'A3', 'F4', 'G-4']	['A4', 'M10', 'P15', 'm16', 'm7', 'd12', 'd13', 'm6', 'd7', 'm2']	[0, 1, 4, 6]	[5, 6, 9, 11]
15	52/25	0.0625	0.25	['F2', 'C3', 'A3', 'F4']	['P5', 'M10', 'P15', 'M6', 'P11', 'm6']	[0, 3, 7]	[5, 9, 0]
15	2.25	0.0625	0.125	['F4']	[]	[0]	[5]
15	233/100	0.25	0.125	['F2', 'B2', 'A3', 'F4', 'G-4']	['A4', 'M10', 'P15', 'm16', 'm7', 'd12', 'd13', 'm6', 'd7', 'm2']	[0, 1, 4, 6]	[5, 6, 9, 11]
15	121/50	0.0625	0.375	['F2', 'C3', 'A3', 'F4']	['P5', 'M10', 'P15', 'M6', 'P11', 'm6']	[0, 3, 7]	[5, 9, 0]
15	267/100	0.25	0.25	['F2', 'C3', 'A3', 'F4']	['P5', 'M10', 'P15', 'M6', 'P11', 'm6']	[0, 3, 7]	[5, 9, 0]
15	283/100	0.125	0.25	['F4']	[]	[0]	[5]
16	1.0	1.0	0.125	['F2', 'B2', 'A3', 'F4', 'G-4']	['A4', 'M10', 'P15', 'm16', 'm7', 'd12', 'd13', 'm6', 'd7', 'm2']	[0, 1, 4, 6]	[5, 6, 9, 11]
16	27/25	0.0625	0.25	['F2', 'C3', 'A3', 'F4']	['P5', 'M10', 'P15', 'M6', 'P11', 'm6']	[0, 3, 7]	[5, 9, 0]
16	1.25	0.0625	0.125	['F4']	[]	[0]	[5]
16	133/100	0.25	0.125	['F2', 'B2', 'A3', 'F4', 'G-4']	['A4', 'M10', 'P15', 'm16', 'm7', 'd12', 'd13', 'm6', 'd7', 'm2']	[0, 1, 4, 6]	[5, 6, 9, 11]
16	71/50	0.0625	0.375	['F2', 'C3', 'A3', 'F4']	['P5', 'M10', 'P15', 'M6', 'P11', 'm6']	[0, 3, 7]	[5, 9, 0]
16	167/100	0.25	0.25	['F2', 'C3', 'A3', 'F4']	['P5', 'M10', 'P15', 'M6', 'P11', 'm6']	[0, 3, 7]	[5, 9, 0]
16	183/100	0.125	0.25	['F4']	[]	[0]	[5]
16	2.0	0.5	0.125	['F2', 'B2', 'A3', 'F4', 'G-4']	['A4', 'M10', 'P15', 'm16', 'm7', 'd12', 'd13', 'm6', 'd7', 'm2']	[0, 1, 4, 6]	[5, 6, 9, 11]
16	52/25	0.0625	0.25	['F2', 'C3', 'A3', 'F4']	['P5', 'M10', 'P15', 'M6', 'P11', 'm6']	[0, 3, 7]	[5, 9, 0]
16	2.25	0.0625	0.125	['F4']	[]	[0]	[5]
16	233/100	0.25	0.125	['F2', 'B2', 'A3', 'F4', 'G-4']	['A4', 'M10', 'P15', 'm16', 'm7', 'd12', 'd13', 'm6', 'd7', 'm2']	[0, 1, 4, 6]	[5, 6, 9, 11]
16	121/50	0.0625	0.375	['F2', 'C3', 'A3', 'F4']	['P5', 'M10', 'P15', 'M6', 'P11', 'm6']	[0, 3, 7]	[5, 9, 0]
16	267/100	0.25	0.25	['F2', 'C3', 'A3', 'F4']	['P5', 'M10', 'P15', 'M6', 'P11', 'm6']	[0, 3, 7]	[5, 9, 0]
16	283/100	0.125	0.25	['F4']	[]	[0]	[5]
17	1.0	1.0	0.125	['F2', 'B2', 'A3', 'F4', 'G-4']	['A4', 'M10', 'P15', 'm16', 'm7', 'd12', 'd13', 'm6', 'd7', 'm2']	[0, 1, 4, 6]	[5, 6, 9, 11]
17	27/25	0.0625	0.25	['F2', 'C3', 'A3', 'F4']	['P5', 'M10', 'P15', 'M6', 'P11', 'm6']	[0, 3, 7]	[5, 9, 0]
17	1.25	0.0625	0.125	['F4']	[]	[0]	[5]
17	133/100	0.25	0.125	['F2', 'B2', 'A3', 'F4', 'G-4']	['A4', 'M10', 'P15', 'm16', 'm7', 'd12', 'd13', 'm6', 'd7', 'm2']	[0, 1, 4, 6]	[5, 6, 9, 11]
17	71/50	0.0625	0.375	['F2', 'C3', 'A3', 'F4']	['P5', 'M10', 'P15', 'M6', 'P11', 'm6']	[0, 3, 7]	[5, 9, 0]
17	167/100	0.25	0.25	['F2', 'C3', 'A3', 'F4']	['P5', 'M10', 'P15', 'M6', 'P11', 'm6']	[0, 3, 7]	[5, 9, 0]
17	183/100	0.125	0.25	['F4']	[]	[0]	[5]
17	2.0	0.5	0.125	['F2', 'B2', 'A3', 'G-4']	['A4', 'M10', 'm16', 'm7', 'd13', 'd7']	[0, 1, 4, 6]	[5, 6, 9, 11]
17	52/25	0.0625	0.375	['F2', 'C3', 'A3', 'F4']	['P5', 'M10', 'P15', 'M6', 'P11', 'm6']	[0, 3, 7]	[5, 9, 0]
17	233/100	0.25	0.5	['F2', 'C3', 'A3', 'F4']	['P5', 'M10', 'P15', 'M6', 'P11', 'm6']	[0, 3, 7]	[5, 9, 0]
17	267/100	0.25	0.5	['F2', 'C3', 'A3', 'F4']	['P5', 'M10', 'P15', 'M6', 'P11', 'm6']	[0, 3, 7]	[5, 9, 0]
18	1.0	1.0	0.125	['A-4', 'C5', 'E-5', 'G-5', 'A-5']	['M3', 'P5', 'm7', 'P8', 'm3', 'd5', 'm6', 'P4', 'M2']	[0, 2, 5, 8]	[0, 3, 6, 8]
18	27/25	0.0625	0.125	['A-4', 'C5', 'E-5', 'F5']	['M3', 'P5', 'M6', 'm3', 'P4', 'M2']	[0, 3, 5, 8]	[0, 3, 5, 8]
18	117/100	0.125	0.125	['G-5']	[]	[0]	[6]
18	1.25	0.0625	0.125	['A-5']	[]	[0]	[8]
18	133/100	0.25	0.25	['A-4', 'C5', 'E-5', 'G-5']	['M3', 'P5', 'm7', 'm3', 'd5']	[0, 2, 5, 8]	[0, 3, 6, 8]
18	1.5	0.125	0.25	['E-6']	[]	[0]	[3]
18	167/100	0.25	0.25	['E-5']	[]	[0]	[3]
18	183/100	0.125	0.25	['F5']	[]	[0]	[5]
18	2.0	0.5	0.25	['B--3', 'E-4', 'B--4', 'D-5', 'G-5', 'A-5']	['A4', 'P8', 'M10', 'M13', 'M14', 'd5', 'm7', 'm10', 'P11', 'M3', 'M6', 'M7', 'P4', 'P5', 'M2']	[0, 1, 3, 6, 8]	[1, 3, 6, 8, 9]
18	217/100	0.125	0.125	['B--4']	[]	[0]	[9]
18	2.25	0.0625	0.125	['B--4', 'F5']	['A5']	[0, 4]	[5, 9]
18	233/100	0.25	0.5	['B--3', 'E-4', 'B--4', 'D-5', 'G-5']	['A4', 'P8', 'M10', 'M13', 'd5', 'm7', 'm10', 'M3', 'M6', 'P4']	[0, 2, 5, 8]	[1, 3, 6, 9]
18	267/100	0.25	0.25	['B--3', 'E-4', 'B--4', 'D-5', 'G-5']	['A4', 'P8', 'M10', 'M13', 'd5', 'm7', 'm10', 'M3', 'M6', 'P4']	[0, 2, 5, 8]	[1, 3, 6, 9]
18	283/100	0.125	0.25	['B--4']	[]	[0]	[9]
19	1.0	1.0	0.125	['A-4', 'B--4', 'C5', 'E-5', 'G-5', 'A-5']	['m2', 'M3', 'P5', 'm7', 'P8', 'A2', 'A4', 'M6', 'M7', 'm3', 'd5', 'm6', 'P4', 'M2']	[0, 1, 3, 6, 9]	[0, 3, 6, 8, 9]
19	27/25	0.0625	0.125	['A-4', 'C5', 'E-5', 'F5']	['M3', 'P5', 'M6', 'm3', 'P4', 'M2']	[0, 3, 5, 8]	[0, 3, 5, 8]
19	117/100	0.125	0.125	['E-5', 'G-5']	['m3']	[0, 3]	[3, 6]
19	1.25	0.0625	0.125	['E-5', 'A-5']	['P4']	[0, 5]	[3, 8]
19	133/100	0.25	0.25	['A-4', 'C5', 'E-5', 'G-5']	['M3', 'P5', 'm7', 'm3', 'd5']	[0, 2, 5, 8]	[0, 3, 6, 8]
19	1.5	0.125	0.25	['E-5', 'E-6']	['P8']	[0]	[3]
19	167/100	0.25	0.25	['E-5']	[]	[0]	[3]
19	183/100	0.125	0.25	['E-5', 'F5']	['M2']	[0, 2]	[3, 5]
19	2.0	0.5	0.25	['B--3', 'E-4', 'B--4', 'D-5', 'G-5', 'A-5']	['A4', 'P8', 'M10', 'M13', 'M14', 'd5', 'm7', 'm10', 'P11', 'M3', 'M6', 'M7', 'P4', 'P5', 'M2']	[0, 1, 3, 6, 8]	[1, 3, 6, 8, 9]
19	217/100	0.125	0.125	['B--4']	[]	[0]	[9]
19	2.25	0.0625	0.125	['B--4', 'F5']	['A5']	[0, 4]	[5, 9]
19	233/100	0.25	0.5	['B--3', 'E-4', 'B--4', 'D-5', 'G-5']	['A4', 'P8', 'M10', 'M13', 'd5', 'm7', 'm10', 'M3', 'M6', 'P4']	[0, 2, 5, 8]	[1, 3, 6, 9]
19	267/100	0.25	0.25	['B--3', 'E-4', 'B--4', 'D-5', 'G-5']	['A4', 'P8', 'M10', 'M13', 'd5', 'm7', 'm10', 'M3', 'M6', 'P4']	[0, 2, 5, 8]	[1, 3, 6, 9]
19	283/100	0.125	0.25	['B--4']	[]	[0]	[9]
20	1.0	1.0	0.125	['A-4', 'C5', 'E-5', 'G-5', 'A-5']	['M3', 'P5', 'm7', 'P8', 'm3', 'd5', 'm6', 'P4', 'M2']	[0, 2, 5, 8]	[0, 3, 6, 8]
20	27/25	0.0625	0.125	['A-4', 'C5', 'E-5', 'F5']	['M3', 'P5', 'M6', 'm3', 'P4', 'M2']	[0, 3, 5, 8]	[0, 3, 5, 8]
20	117/100	0.125	0.125	['E-5', 'G-5']	['m3']	[0, 3]	[3, 6]
20	1.25	0.0625	0.125	['E-5', 'A-5']	['P4']	[0, 5]	[3, 8]
20	133/100	0.25	0.25	['A-4', 'C5', 'D-5', 'E-5', 'G-5']	['M3', 'P4', 'P5', 'm7', 'm2', 'm3', 'd5', 'M2']	[0, 1, 3, 6, 8]	[0, 1, 3, 6, 8]
20	1.5	0.125	0.25	['C5', 'E-6']	['m10']	[0, 3]	[0, 3]
20	167/100	0.25	0.25	['B-4', 'E-5']	['P4']	[0, 5]	[10, 3]
20	183/100	0.125	0.25	['A4', 'G-5']	['d7']	[0, 3]	[6, 9]
20	2.0	0.5	0.125	['B-3', 'D-4', 'A4', 'B-4', 'D-5', 'F5', 'G-5']	['m3', 'M7', 'P8', 'm10', 'P12', 'm13', 'A5', 'M6', 'M10', 'P11', 'm2', 'd4', 'm6', 'd7', 'P5', 'M3', 'P4']	[0, 1, 4, 5, 8]	[5, 6, 9, 10, 1]
20	52/25	0.0625	0.125	['B-3', 'D-4', 'A4', 'B-4', 'D-5', 'E5']	['m3', 'M7', 'P8', 'm10', 'A11', 'A5', 'M6', 'A9', 'm2', 'd4', 'P5', 'A4', 'A2']	[0, 1, 4, 7]	[9, 10, 1, 4]
20	217/100	0.125	0.125	['A4', 'F5']	['m6']	[0, 4]	[5, 9]
20	2.25	0.0625	0.125	['A4', 'G5']	['m7']	[0, 2]	[7, 9]
20	233/100	0.25	0.25	['B-3', 'D-4', 'A4', 'B-4', 'D-5', 'A5']	['m3', 'M7', 'P8', 'm10', 'M14', 'A5', 'M6', 'A12', 'm2', 'd4']	[0, 1, 4]	[9, 10, 1]
20	2.5	0.125	0.25	['B-4', 'B-5']	['P8']	[0]	[10]
20	267/100	0.25	0.25	['C5', 'F5']	['P4']	[0, 5]	[0, 5]
20	283/100	0.125	0.25	['D-5', 'F-5']	['m3']	[0, 3]	[1, 4]
21	1.0	1.0	0.125	['E-3', 'D-4', 'E-4', 'G4', 'C5', 'E-5', 'F-5']	['m7', 'P8', 'M10', 'M13', 'P15', 'm16', 'M2', 'A4', 'M7', 'M9', 'm10', 'M3', 'M6', 'm9', 'P4', 'm6', 'd7', 'm3', 'd4', 'm2']	[0, 1, 3, 4, 7]	[0, 1, 3, 4, 7]
21	27/25	0.0625	0.125	['E-3', 'D-4', 'E-4', 'G4', 'C5', 'D5']	['m7', 'P8', 'M10', 'M13', 'M14', 'M2', 'A4', 'M7', 'A8', 'M3', 'M6', 'P4', 'P5']	[0, 1, 2, 3, 7]	[0, 1, 2, 3, 7]
21	117/100	0.125	0.125	['C5', 'E-5']	['m3']	[0, 3]	[0, 3]
21	1.25	0.0625	0.125	['C5', 'F5']	['P4']	[0, 5]	[0, 5]
21	133/100	0.25	0.25	['E-3', 'D-4', 'E-4', 'G4', 'C5', 'G5']	['m7', 'P8', 'M10', 'M13', 'M17', 'M2', 'A4', 'M7', 'A11', 'M3', 'M6', 'P4', 'P5']	[0, 1, 3, 7]	[0, 1, 3, 7]
21	1.5	0.125	0.25	['C5', 'A-5']	['m6']	[0, 4]	[8, 0]
21	167/100	0.25	0.25	['B-4', 'B-5']	['P8']	[0]	[10]
21	183/100	0.125	0.25	['E-4', 'E-6']	['P15']	[0]	[3]
21	2.0	0.5	0.125	['A-3', 'F-4', 'A-4', 'D5', 'B-5', 'C-6']	['m6', 'P8', 'A11', 'M16', 'm17', 'M3', 'A6', 'P12', 'A4', 'M9', 'm10', 'd7', 'm2']	[0, 2, 3, 6, 8]	[8, 10, 11, 2, 4]
21	52/25	0.0625	0.125	['A-3', 'F-4', 'A-4', 'D5', 'A-5']	['m6', 'P8', 'A11', 'P15', 'M3', 'A6', 'M10', 'A4', 'd5']	[0, 2, 6]	[2, 4, 8]
21	217/100	0.125	0.125	['B-5']	[]	[0]	[10]
21	2.25	0.0625	0.125	['C-6']	[]	[0]	[11]
21	233/100	0.25	0.25	['A-3', 'E-4', 'A-4', 'C5', 'C6']	['P5', 'P8', 'M10', 'M17', 'P4', 'M6', 'M13', 'M3']	[0, 3, 7]	[8, 0, 3]
21	2.5	0.125	0.25	['D6']	[]	[0]	[2]
21	267/100	0.25	0.25	['E-6']	[]	[0]	[3]
21	283/100	0.125	0.25	['A-6']	[]	[0]	[8]
22	1.0	1.0	0.125	['E-2', 'B--2', 'G-3', 'D-4', 'B--4', 'C-5']	['d5', 'm10', 'm14', 'd19', 'm20', 'M6', 'M10', 'P15', 'M16', 'P5', 'P11', 'm6', 'm7', 'M2']	[0, 2, 4, 6, 9]	[9, 11, 1, 3, 6]
22	27/25	0.0625	0.125	['E-2', 'B--2', 'G-3', 'D-4', 'A-4']	['d5', 'm10', 'm14', 'P18', 'M6', 'M10', 'M14', 'P5', 'M9']	[0, 1, 3, 6, 8]	[1, 3, 6, 8, 9]
22	117/100	0.125	0.125	['B--4']	[]	[0]	[9]
22	1.25	0.0625	0.125	['C-5']	[]	[0]	[11]
22	133/100	0.25	0.25	['E-2', 'B--2', 'G-3', 'D-4', 'B--4']	['d5', 'm10', 'm14', 'd19', 'M6', 'M10', 'P15', 'P5', 'm6']	[0, 2, 5, 8]	[1, 3, 6, 9]
22	1.5	0.125	0.25	['G-5']	[]	[0]	[6]
22	167/100	0.25	0.25	['F4']	[]	[0]	[5]
22	183/100	0.125	0.25	['F-4']	[]	[0]	[4]
22	2.0	0.5	0.25	['A2', 'C3', 'F3', 'A3', 'E-4', 'F-4']	['m3', 'm6', 'P8', 'd12', 'd13', 'P4', 'M6', 'm10', 'd11', 'M3', 'm7', 'd8', 'd5', 'd6', 'm2']	[0, 1, 2, 5, 8]	[9, 0, 3, 4, 5]
22	217/100	0.125	0.125	['C4']	[]	[0]	[0]
22	2.25	0.0625	0.125	['C4', 'D4']	['M2']	[0, 2]	[0, 2]
22	233/100	0.25	0.25	['A2', 'C3', 'F3', 'A3', 'E-4', 'F4']	['m3', 'm6', 'P8', 'd12', 'm13', 'P4', 'M6', 'm10', 'P11', 'M3', 'm7', 'd5', 'M2']	[0, 2, 5, 8]	[9, 0, 3, 5]
22	2.5	0.125	0.25	['A2', 'C3', 'F3', 'A3', 'E-4', 'G4']	['m3', 'm6', 'P8', 'd12', 'm14', 'P4', 'M6', 'm10', 'P12', 'M3', 'm7', 'M9', 'd5']	[0, 2, 4, 6, 9]	[3, 5, 7, 9, 0]
22	267/100	0.25	0.25	['A2', 'C3', 'F3', 'A3', 'E-4', 'A4']	['m3', 'm6', 'P8', 'd12', 'P15', 'P4', 'M6', 'm10', 'M13', 'M3', 'm7', 'M10', 'd5', 'A4']	[0, 2, 5, 8]	[9, 0, 3, 5]
22	283/100	0.125	0.25	['C5']	[]	[0]	[0]
23	1.0	1.0	0.125	['E-2', 'A2', 'G-3', 'D-4', 'B--4', 'C-5', 'E-5']	['A4', 'm10', 'm14', 'd19', 'm20', 'P22', 'd7', 'd11', 'd16', 'd17', 'P5', 'P11', 'M13', 'm6', 'm7', 'M9', 'M2', 'M3']	[0, 2, 4, 6, 9]	[9, 11, 1, 3, 6]
23	27/25	0.0625	0.125	['E-2', 'A2', 'G-3', 'D-4', 'A-4', 'E-5']	['A4', 'm10', 'm14', 'P18', 'P22', 'd7', 'd11', 'd15', 'd19', 'P5', 'M9', 'M13']	[0, 1, 3, 6, 8]	[1, 3, 6, 8, 9]
23	117/100	0.125	0.125	['B--4', 'E-5']	['A4']	[0, 6]	[3, 9]
23	1.25	0.0625	0.125	['C-5', 'E-5']	['M3']	[0, 4]	[11, 3]
23	133/100	0.25	0.25	['E-2', 'A2', 'G-3', 'D-4', 'B--4', 'E-5']	['A4', 'm10', 'm14', 'd19', 'P22', 'd7', 'd11', 'd16', 'P5', 'M13', 'm6', 'M9']	[0, 2, 5, 8]	[1, 3, 6, 9]
23	1.5	0.125	0.25	['E-2', 'A2', 'G-3', 'E-5', 'G-5']	['A4', 'm10', 'P22', 'm24', 'd7', 'd19', 'd21', 'M13', 'P15', 'm3']	[0, 3, 6]	[3, 6, 9]
23	167/100	0.25	0.16666666666666666	['E-2', 'A2', 'G-3', 'C4', 'E-5']	['A4', 'm10', 'M13', 'P22', 'd7', 'd19']	[0, 3, 6, 9]	[0, 3, 6, 9]
23	89/50	0.0625	0.08333333333333333	['E-2', 'A2', 'G-3', 'C4', 'F5']	['A4', 'm10', 'M13', 'M23', 'd7', 'm20', 'M14', 'P11']	[0, 1, 3, 6, 9]	[9, 0, 3, 5, 6]
23	183/100	0.125	0.08333333333333333	['E-2', 'B-2', 'G-3', 'B-3', 'F5']	['P5', 'm10', 'P12', 'M23', 'm6', 'P8', 'P19', 'M3', 'M14']	[0, 2, 3, 7]	[3, 5, 6, 10]
23	189/100	0.0625	0.16666666666666666	['E-2', 'B-2', 'G-3', 'B-3', 'G-5']	['P5', 'm10', 'P12', 'm24', 'm6', 'P8', 'm20', 'M3', 'P15', 'm13']	[0, 3, 7]	[3, 6, 10]
23	2.0	0.5	0.25	['F2', 'A2', 'E-3', 'F3', 'C5', 'G-5']	['M3', 'm7', 'P8', 'P19', 'm23', 'd5', 'm6', 'm17', 'd21', 'M2', 'M13', 'P12', 'm16']	[0, 1, 3, 6, 9]	[9, 0, 3, 5, 6]
23	217/100	0.125	0.125	['C4', 'C5']	['P8']	[0]	[0]
23	2.25	0.0625	0.125	['D3', 'C4', 'C5']	['m7', 'm14', 'P8']	[0, 2]	[0, 2]
23	233/100	0.25	0.25	['F2', 'A2', 'E-3', 'A3', 'F4', 'C5']	['M3', 'm7', 'M10', 'P15', 'P19', 'd5', 'P8', 'm13', 'm17', 'A4', 'M9', 'M13', 'm6', 'm10', 'P5']	[0, 2, 5, 8]	[9, 0, 3, 5]
23	2.5	0.125	0.25	['F2', 'A2', 'E-3', 'C4', 'G4', 'C5']	['M3', 'm7', 'P12', 'M16', 'P19', 'd5', 'm10', 'm14', 'm17', 'M6', 'M10', 'M13', 'P5', 'P8', 'P4']	[0, 2, 4, 6, 9]	[3, 5, 7, 9, 0]
23	267/100	0.25	0.25	['F2', 'A2', 'E-3', 'F4', 'A4', 'C5']	['M3', 'm7', 'P15', 'M17', 'P19', 'd5', 'm13', 'm17', 'M9', 'A11', 'M13', 'P5', 'm3']	[0, 2, 5, 8]	[9, 0, 3, 5]
23	283/100	0.125	0.25	['G4', 'C-5', 'C5']	['d4', 'P4', 'A1']	[0, 1, 5]	[7, 11, 0]
24	1.0	1.0	0.125	['G-2', 'B-2', 'G-3', 'B-4', 'E-5', 'F5']	['M3', 'P8', 'M17', 'M20', 'M21', 'm6', 'P15', 'P18', 'P19', 'M10', 'M13', 'M14', 'P4', 'P5', 'M2']	[0, 2, 3, 7]	[3, 5, 6, 10]
24	27/25	0.0625	0.125	['G-2', 'B-2', 'G-3', 'B-4', 'D5', 'E-5']	['M3', 'P8', 'M17', 'A19', 'M20', 'm6', 'P15', 'P18', 'M10', 'A12', 'M13', 'P4', 'm2']	[0, 1, 4, 8]	[2, 3, 6, 10]
24	117/100	0.125	0.125	['D-5', 'E-5']	['M2']	[0, 2]	[1, 3]
24	1.25	0.0625	0.125	['D-5', 'F5']	['M3']	[0, 4]	[1, 5]
24	133/100	0.25	0.25	['G-2', 'B-2', 'G-3', 'B-4', 'C5', 'G-5']	['M3', 'P8', 'M17', 'A18', 'P22', 'm6', 'P15', 'M16', 'm20', 'M10', 'A11', 'M2', 'd5']	[0, 2, 6]	[6, 10, 0]
24	1.5	0.125	0.25	['B-4', 'B-5']	['P8']	[0]	[10]
24	167/100	0.25	0.25	['A-4', 'C5']	['M3']	[0, 4]	[8, 0]
24	183/100	0.125	0.25	['G-4', 'E-6']	['M13']	[0, 3]	[3, 6]
24	2.0	0.5	0.25	['A2', 'C3', 'F3', 'G-3', 'F4']	['m3', 'm6', 'd7', 'm13', 'P4', 'd5', 'P11', 'm2', 'P8', 'M7']	[0, 1, 4, 7]	[5, 6, 9, 0]
24	217/100	0.125	0.125	['C4', 'A-4']	['m6']	[0, 4]	[8, 0]
24	2.25	0.0625	0.125	['E3', 'C4', 'G-4']	['m6', 'd10', 'd5']	[0, 2, 6]	[0, 4, 6]
24	233/100	0.25	0.25	['A2', 'C3', 'F3', 'A3', 'F4']	['m3', 'm6', 'P8', 'm13', 'P4', 'M6', 'P11', 'M3']	[0, 3, 7]	[5, 9, 0]
24	2.5	0.125	0.25	['A2', 'C3', 'F3', 'C4', 'F4', 'G4']	['m3', 'm6', 'm10', 'm13', 'm14', 'P4', 'P8', 'P11', 'P12', 'P5', 'M9', 'M2']	[0, 2, 4, 7]	[5, 7, 9, 0]
24	267/100	0.25	0.25	['A2', 'C3', 'F3', 'F4', 'A4']	['m3', 'm6', 'm13', 'P15', 'P4', 'P11', 'M13', 'P8', 'M10', 'M3']	[0, 3, 7]	[5, 9, 0]
24	283/100	0.125	0.25	['A2', 'C3', 'F3', 'G4', 'C5']	['m3', 'm6', 'm14', 'm17', 'P4', 'P12', 'P15', 'M9']	[0, 2, 4, 7]	[5, 7, 9, 0]
25	1.0	1.0	0.125	['G-2', 'B-2', 'G-3', 'B-4', 'F5', 'G-5']	['M3', 'P8', 'M17', 'M21', 'P22', 'm6', 'P15', 'P19', 'm20', 'M10', 'M14', 'P5', 'm2']	[0, 1, 5]	[5, 6, 10]
25	27/25	0.0625	0.125	['G-2', 'B-2', 'G-3', 'B-4', 'E-5', 'F5']	['M3', 'P8', 'M17', 'M20', 'M21', 'm6', 'P15', 'P18', 'P19', 'M10', 'M13', 'M14', 'P4', 'P5', 'M2']	[0, 2, 3, 7]	[3, 5, 6, 10]
25	117/100	0.125	0.125	['E-5', 'F5']	['M2']	[0, 2]	[3, 5]
25	1.25	0.0625	0.125	['E-5', 'G-5']	['m3']	[0, 3]	[3, 6]
25	133/100	0.25	0.25	['G-2', 'B-2', 'G-3', 'B-4', 'D-5', 'F5']	['M3', 'P8', 'M17', 'P19', 'M21', 'm6', 'P15', 'm17', 'M10', 'P12', 'M14', 'm3', 'P5']	[0, 1, 5, 8]	[5, 6, 10, 1]
25	1.5	0.125	0.25	['C5', 'D-6']	['m9']	[0, 1]	[0, 1]
25	167/100	0.25	0.25	['B-4', 'D-5']	['m3']	[0, 3]	[10, 1]
25	183/100	0.125	0.25	['A-4', 'F6']	['M13']	[0, 3]	[5, 8]
25	2.0	0.5	0.25	['G2', 'B-2', 'E3', 'F3', 'G4']	['m3', 'M6', 'm7', 'P15', 'A4', 'P5', 'M13', 'm2', 'm10', 'M9']	[0, 1, 3, 6]	[4, 5, 7, 10]
25	217/100	0.125	0.125	['G4', 'B-4']	['m3']	[0, 3]	[7, 10]
25	2.25	0.0625	0.125	['D#3', 'G4', 'A-4']	['d11', 'dd12', 'm2']	[0, 1, 5]	[3, 7, 8]
25	233/100	0.25	0.25	['G2', 'B-2', 'E3', 'E4', 'G4', 'C5']	['m3', 'M6', 'M13', 'P15', 'P18', 'A4', 'A11', 'M16', 'P8', 'm10', 'm13', 'm6', 'P4']	[0, 2, 5, 8]	[4, 7, 10, 0]
25	2.5	0.125	0.25	['G2', 'B-2', 'E3', 'G4', 'D5']	['m3', 'M6', 'P15', 'P19', 'A4', 'M13', 'M17', 'm10', 'm14', 'P5']	[0, 2, 5, 8]	[2, 4, 7, 10]
25	267/100	0.25	0.25	['G2', 'B-2', 'E3', 'G4', 'C5', 'E5']	['m3', 'M6', 'P15', 'P18', 'M20', 'A4', 'M13', 'M16', 'A18', 'm10', 'm13', 'P4', 'M3']	[0, 2, 5, 8]	[4, 7, 10, 0]
25	283/100	0.125	0.25	['G2', 'B-2', 'E3', 'D5', 'G5']	['m3', 'M6', 'P19', 'P22', 'A4', 'M17', 'M20', 'm14', 'm17', 'P4']	[0, 2, 5, 8]	[2, 4, 7, 10]
26	1.0	1.0	0.125	['E-2', 'B-2', 'G-3', 'C5', 'G-5', 'B-5']	['P5', 'm10', 'M20', 'm24', 'P26', 'm6', 'M16', 'm20', 'P22', 'A11', 'P15', 'M17', 'd5', 'm7', 'M3']	[0, 2, 5, 8]	[10, 0, 3, 6]
26	27/25	0.0625	0.125	['E-2', 'B-2', 'G-3', 'C5', 'F5', 'G-5', 'B-5']	['P5', 'm10', 'M20', 'M23', 'm24', 'P26', 'm6', 'M16', 'P19', 'm20', 'P22', 'A11', 'M14', 'P15', 'M17', 'P4', 'd5', 'm7', 'm2', 'M3']	[0, 1, 3, 6, 8]	[10, 0, 3, 5, 6]
26	117/100	0.125	0.125	['F5', 'G-5']	['m2']	[0, 1]	[5, 6]
26	1.25	0.0625	0.125	['F5', 'A-5']	['m3']	[0, 3]	[5, 8]
26	133/100	0.25	0.25	['E-2', 'B-2', 'G-3', 'E-5', 'G-5']	['P5', 'm10', 'P22', 'm24', 'm6', 'P18', 'm20', 'M13', 'P15', 'm3']	[0, 3, 7]	[3, 6, 10]
26	1.5	0.125	0.25	['D-5', 'B-5']	['M6']	[0, 3]	[10, 1]
26	167/100	0.25	0.25	['C5']	[]	[0]	[0]
26	183/100	0.125	0.25	['G-5', 'G-6']	['P8']	[0]	[6]
26	1.0	1.0	0.25	['A2', 'C3', 'F3', 'G-3', 'F5']	['m3', 'm6', 'd7', 'm20', 'P4', 'd5', 'P18', 'm2', 'P15', 'M14']	[0, 1, 4, 7]	[5, 6, 9, 0]
26	117/100	0.125	0.125	['C4', 'F5']	['P11']	[0, 5]	[0, 5]
26	1.25	0.0625	0.125	['E3', 'C4', 'F5']	['m6', 'm16', 'P11']	[0, 1, 5]	[0, 4, 5]
26	133/100	0.25	0.25	['A-2', 'C3', 'F3', 'A3', 'F4', 'F5']	['M3', 'M6', 'A8', 'M13', 'M20', 'P4', 'P11', 'P18', 'P8', 'P15', 'm6', 'm13']	[0, 3, 4, 7]	[5, 8, 9, 0]
26	1.5	0.125	0.25	['A-2', 'C3', 'F3', 'C4', 'G4', 'F5']	['M3', 'M6', 'M10', 'M14', 'M20', 'P4', 'P8', 'P12', 'P18', 'P5', 'M9', 'P15', 'P11', 'm7']	[0, 2, 3, 7]	[5, 7, 8, 0]
26	167/100	0.25	0.25	['A-2', 'C3', 'F3', 'F4', 'A4', 'F5']	['M3', 'M6', 'M13', 'A15', 'M20', 'P4', 'P11', 'P18', 'P8', 'M10', 'P15', 'm6']	[0, 3, 4, 7]	[5, 8, 9, 0]
26	183/100	0.125	0.25	['A-2', 'C3', 'F3', 'F4', 'G4', 'C5']	['M3', 'M6', 'M13', 'M14', 'M17', 'P4', 'P11', 'P12', 'P15', 'P8', 'M9', 'M2', 'P5']	[0, 2, 3, 7]	[5, 7, 8, 0]
27	1.0	1.0	0.125	['E-2', 'B-2', 'G-3', 'C5', 'G-5', 'B-5']	['P5', 'm10', 'M20', 'm24', 'P26', 'm6', 'M16', 'm20', 'P22', 'A11', 'P15', 'M17', 'd5', 'm7', 'M3']	[0, 2, 5, 8]	[10, 0, 3, 6]
27	27/25	0.0625	0.125	['E-2', 'B-2', 'G-3', 'C5', 'F5', 'G-5', 'B-5']	['P5', 'm10', 'M20', 'M23', 'm24', 'P26', 'm6', 'M16', 'P19', 'm20', 'P22', 'A11', 'M14', 'P15', 'M17', 'P4', 'd5', 'm7', 'm2', 'M3']	[0, 1, 3, 6, 8]	[10, 0, 3, 5, 6]
27	117/100	0.125	0.125	['F5', 'G-5']	['m2']	[0, 1]	[5, 6]
27	1.25	0.0625	0.125	['F5', 'A-5']	['m3']	[0, 3]	[5, 8]
27	133/100	0.25	0.25	['E-2', 'B-2', 'G-3', 'E-5', 'G-5']	['P5', 'm10', 'P22', 'm24', 'm6', 'P18', 'm20', 'M13', 'P15', 'm3']	[0, 3, 7]	[3, 6, 10]
27	1.5	0.125	0.25	['D-5', 'B-5']	['M6']	[0, 3]	[10, 1]
27	167/100	0.25	0.25	['C5']	[]	[0]	[0]
27	183/100	0.125	0.25	['G-5', 'G-6']	['P8']	[0]	[6]
27	2.0	0.5	0.25	['A2', 'C3', 'F3', 'G-3', 'F5']	['m3', 'm6', 'd7', 'm20', 'P4', 'd5', 'P18', 'm2', 'P15', 'M14']	[0, 1, 4, 7]	[5, 6, 9, 0]
27	217/100	0.125	0.125	['C4', 'F5']	['P11']	[0, 5]	[0, 5]
27	2.25	0.0625	0.125	['E3', 'C4', 'F5']	['m6', 'm16', 'P11']	[0, 1, 5]	[0, 4, 5]
27	233/100	0.25	0.25	['A2', 'C3', 'F3', 'A3', 'F4', 'F5']	['m3', 'm6', 'P8', 'm13', 'm20', 'P4', 'M6', 'P11', 'P18', 'M3', 'P15']	[0, 3, 7]	[5, 9, 0]
27	2.5	0.125	0.25	['A2', 'C3', 'F3', 'C4', 'G4', 'F5']	['m3', 'm6', 'm10', 'm14', 'm20', 'P4', 'P8', 'P12', 'P18', 'P5', 'M9', 'P15', 'P11', 'm7']	[0, 2, 4, 7]	[5, 7, 9, 0]
27	267/100	0.25	0.25	['A2', 'C3', 'F3', 'F4', 'A4', 'F5']	['m3', 'm6', 'm13', 'P15', 'm20', 'P4', 'P11', 'M13', 'P18', 'P8', 'M10', 'M3']	[0, 3, 7]	[5, 9, 0]
27	283/100	0.125	0.25	['E3', 'A3', 'C4', 'G4', 'C5', 'F5']	['P4', 'm6', 'm10', 'm13', 'm16', 'm3', 'm7', 'P5', 'P8', 'P11']	[0, 1, 3, 5, 8]	[4, 5, 7, 9, 0]
28	1.0	1.0	0.25	['D3', 'A3', 'B3', 'A4', 'B4', 'F5']	['P5', 'M6', 'P12', 'M13', 'm17', 'M2', 'P8', 'M9', 'm13', 'm7', 'd12', 'm6', 'd5']	[0, 2, 5, 8]	[9, 11, 2, 5]
28	117/100	0.125	0.25	['G4', 'B4', 'E5']	['M3', 'M6', 'P4']	[0, 3, 7]	[4, 7, 11]
28	133/100	0.25	0.25	['F4', 'A4', 'D5']	['M3', 'M6', 'P4']	[0, 3, 7]	[2, 5, 9]
28	1.5	0.125	0.25	['E4', 'G4', 'C5']	['m3', 'm6', 'P4']	[0, 3, 7]	[0, 4, 7]
28	167/100	0.25	0.25	['D4', 'F4', 'B4']	['m3', 'M6', 'A4']	[0, 3, 6]	[11, 2, 5]
28	183/100	0.125	0.25	['D#4', 'F#4', 'D5']	['m3', 'd8', 'm6']	[0, 1, 4]	[2, 3, 6]
28	2.0	0.5	0.25	['E4', 'G4', 'C5']	['m3', 'm6', 'P4']	[0, 3, 7]	[0, 4, 7]
28	217/100	0.125	0.25	['D4', 'F4', 'B4']	['m3', 'M6', 'A4']	[0, 3, 6]	[11, 2, 5]
28	233/100	0.25	0.25	['C4', 'E4', 'A4']	['M3', 'M6', 'P4']	[0, 3, 7]	[9, 0, 4]
28	2.5	0.125	0.25	['B3', 'D4', 'G#4']	['m3', 'M6', 'A4']	[0, 3, 6]	[8, 11, 2]
28	267/100	0.25	0.25	['D#4', 'F##4', 'C5']	['M3', 'd7', 'dd5']	[0, 3, 7]	[0, 3, 7]
28	283/100	0.125	0.25	['E4', 'G#4', 'B4']	['M3', 'P5', 'm3']	[0, 3, 7]	[4, 8, 11]
29	1.0	1.0	0.25	['C4', 'E4', 'A4']	['M3', 'M6', 'P4']	[0, 3, 7]	[9, 0, 4]
29	117/100	0.125	0.25	['B3', 'D4', 'G#4']	['m3', 'M6', 'A4']	[0, 3, 6]	[8, 11, 2]
29	133/100	0.25	0.25	['A3', 'C4', 'F4']	['m3', 'm6', 'P4']	[0, 3, 7]	[5, 9, 0]
29	1.5	0.125	0.25	['G3', 'B3', 'E4']	['M3', 'M6', 'P4']	[0, 3, 7]	[4, 7, 11]
29	167/100	0.25	0.25	['F3', 'A3', 'D4']	['M3', 'M6', 'P4']	[0, 3, 7]	[2, 5, 9]
29	183/100	0.125	0.25	['E3', 'G#3', 'C4']	['M3', 'm6', 'd4']	[0, 4, 8]	[0, 4, 8]
29	2.0	0.5	0.25	['D3', 'A3', 'B3']	['P5', 'M6', 'M2']	[0, 2, 5]	[9, 11, 2]
29	217/100	0.125	0.25	['D#3', 'F3', 'A3']	['d3', 'd5', 'M3']	[0, 2, 6]	[3, 5, 9]
29	233/100	0.25	0.25				
29	2.5	0.125	0.25	['C3', 'E3', 'A3']	['M3', 'M6', 'P4']	[0, 3, 7]	[9, 0, 4]
29	267/100	0.25	0.25				
29	283/100	0.125	0.25	['E2', 'B2', 'G#3']	['P5', 'M10', 'M6']	[0, 3, 7]	[4, 8, 11]
29	3.0	0.5	1.5				
30	1.0	1.0	0.125	['A2', 'E3', 'A3', 'E4', 'C5']	['P5', 'P8', 'P12', 'm17', 'P4', 'm13', 'm10', 'm6']	[0, 3, 7]	[9, 0, 4]
30	27/25	0.0625	0.25	['A2', 'D#3', 'A3', 'F4', 'C5']	['A4', 'P8', 'm13', 'm17', 'd5', 'd10', 'd14', 'm6', 'm10', 'P5']	[0, 2, 5, 8]	[9, 0, 3, 5]
30	1.25	0.0625	0.125	['C5']	[]	[0]	[0]
30	133/100	0.25	0.125	['A2', 'E3', 'A3', 'E4', 'C5']	['P5', 'P8', 'P12', 'm17', 'P4', 'm13', 'm10', 'm6']	[0, 3, 7]	[9, 0, 4]
30	71/50	0.0625	0.375	['A2', 'D#3', 'A3', 'F4', 'C5']	['A4', 'P8', 'm13', 'm17', 'd5', 'd10', 'd14', 'm6', 'm10', 'P5']	[0, 2, 5, 8]	[9, 0, 3, 5]
30	167/100	0.25	0.25	['A2', 'D#3', 'A3', 'F4', 'C5']	['A4', 'P8', 'm13', 'm17', 'd5', 'd10', 'd14', 'm6', 'm10', 'P5']	[0, 2, 5, 8]	[9, 0, 3, 5]
30	183/100	0.125	0.25	['C5']	[]	[0]	[0]
30	2.0	0.5	0.125	['C2', 'G2', 'C4', 'E4', 'F4', 'G#4', 'C5']	['P5', 'P15', 'M17', 'P18', 'A19', 'P22', 'P11', 'M13', 'm14', 'A15', 'M3', 'P4', 'A5', 'P8', 'm2', 'm6', 'A2', 'd4']	[0, 1, 3, 4, 8]	[4, 5, 7, 8, 0]
30	52/25	0.0625	0.125	['C2', 'A-2', 'C4', 'D#4', 'G#4']	['m6', 'P15', 'A16', 'A19', 'M10', 'AA11', 'A14', 'A2', 'A5', 'P4']	[0, 3, 7]	[8, 0, 3]
30	217/100	0.125	0.125	['C2', 'A-2', 'E4', 'G#4']	['m6', 'M17', 'A19', 'A12', 'A14', 'M3']	[0, 4, 8]	[0, 4, 8]
30	2.25	0.0625	0.125	['F4', 'G#4']	['A2']	[0, 3]	[5, 8]
30	233/100	0.25	0.125	['C2', 'G2', 'C4', 'E4', 'G#4']	['P5', 'P15', 'M17', 'A19', 'P11', 'M13', 'A15', 'M3', 'A5']	[0, 1, 4, 8]	[0, 4, 7, 8]
30	121/50	0.0625	0.125	['C2', 'A-2', 'C4', 'E4', 'G#4']	['m6', 'P15', 'M17', 'A19', 'M10', 'A12', 'A14', 'M3', 'A5']	[0, 4, 8]	[0, 4, 8]
30	2.5	0.125	0.25	['C2', 'A-2', 'G#4', 'E5']	['m6', 'A19', 'M24', 'A14']	[0, 4, 8]	[0, 4, 8]
30	267/100	0.25	0.25	['C2', 'A-2', 'C5']	['m6', 'P22', 'M17']	[0, 4]	[8, 0]
30	283/100	0.125	0.25	['E6']	[]	[0]	[4]
31	1.0	1.0	0.125	['A2', 'E3', 'A3', 'E4', 'C5']	['P5', 'P8', 'P12', 'm17', 'P4', 'm13', 'm10', 'm6']	[0, 3, 7]	[9, 0, 4]
31	27/25	0.0625	0.25	['A2', 'D#3', 'A3', 'F4', 'C5']	['A4', 'P8', 'm13', 'm17', 'd5', 'd10', 'd14', 'm6', 'm10', 'P5']	[0, 2, 5, 8]	[9, 0, 3, 5]
31	1.25	0.0625	0.125	['C5']	[]	[0]	[0]
31	133/100	0.25	0.125	['A2', 'E3', 'A3', 'E4', 'C5']	['P5', 'P8', 'P12', 'm17', 'P4', 'm13', 'm10', 'm6']	[0, 3, 7]	[9, 0, 4]
31	71/50	0.0625	0.375	['A2', 'D#3', 'A3', 'F4', 'C5']	['A4', 'P8', 'm13', 'm17', 'd5', 'd10', 'd14', 'm6', 'm10', 'P5']	[0, 2, 5, 8]	[9, 0, 3, 5]
31	167/100	0.25	0.25	['A2', 'D#3', 'A3', 'F4', 'C5']	['A4', 'P8', 'm13', 'm17', 'd5', 'd10', 'd14', 'm6', 'm10', 'P5']	[0, 2, 5, 8]	[9, 0, 3, 5]
31	183/100	0.125	0.25	['C5']	[]	[0]	[0]
31	2.0	0.5	0.125	['C2', 'G2', 'C4', 'E4', 'F4', 'G#4', 'C5']	['P5', 'P15', 'M17', 'P18', 'A19', 'P22', 'P11', 'M13', 'm14', 'A15', 'M3', 'P4', 'A5', 'P8', 'm2', 'm6', 'A2', 'd4']	[0, 1, 3, 4, 8]	[4, 5, 7, 8, 0]
31	52/25	0.0625	0.125	['C2', 'A-2', 'C4', 'D#4', 'G#4']	['m6', 'P15', 'A16', 'A19', 'M10', 'AA11', 'A14', 'A2', 'A5', 'P4']	[0, 3, 7]	[8, 0, 3]
31	217/100	0.125	0.125	['C2', 'A-2', 'E4', 'G#4']	['m6', 'M17', 'A19', 'A12', 'A14', 'M3']	[0, 4, 8]	[0, 4, 8]
31	2.25	0.0625	0.125	['F4', 'G#4']	['A2']	[0, 3]	[5, 8]
31	233/100	0.25	0.125	['C2', 'G2', 'C4', 'E4', 'G#4']	['P5', 'P15', 'M17', 'A19', 'P11', 'M13', 'A15', 'M3', 'A5']	[0, 1, 4, 8]	[0, 4, 7, 8]
31	121/50	0.0625	0.125	['C2', 'A-2', 'C4', 'E4', 'G#4']	['m6', 'P15', 'M17', 'A19', 'M10', 'A12', 'A14', 'M3', 'A5']	[0, 4, 8]	[0, 4, 8]
31	2.5	0.125	0.25	['C2', 'A-2', 'G#4', 'E5']	['m6', 'A19', 'M24', 'A14']	[0, 4, 8]	[0, 4, 8]
31	267/100	0.25	0.25	['C2', 'A-2', 'G#4', 'C5']	['m6', 'A19', 'P22', 'A14', 'M17', 'd4']	[0, 4]	[8, 0]
31	283/100	0.125	0.25	['E6']	[]	[0]	[4]
32	1.0	1.0	0.125	['A2', 'D3', 'F3', 'G#3', 'A4']	['P4', 'm6', 'M7', 'P15', 'm3', 'A4', 'P12', 'A2', 'M10', 'm9']	[0, 1, 4, 7]	[2, 5, 8, 9]
32	27/25	0.0625	0.25	['A2', 'C#3', 'F3', 'A3', 'A4']	['M3', 'm6', 'P8', 'P15', 'd4', 'm13', 'M10']	[0, 4, 8]	[1, 5, 9]
32	1.25	0.0625	0.125	['A4']	[]	[0]	[9]
32	133/100	0.25	0.125	['A2', 'D3', 'F3', 'A#3', 'B4']	['P4', 'm6', 'A8', 'M16', 'm3', 'A5', 'M13', 'A3', 'A11', 'm9']	[0, 1, 2, 5, 8]	[9, 10, 11, 2, 5]
32	71/50	0.0625	0.375	['A2', 'C#3', 'F3', 'B3', 'B4']	['M3', 'm6', 'M9', 'M16', 'd4', 'm7', 'm14', 'A4', 'A11', 'P8']	[0, 2, 4, 8]	[9, 11, 1, 5]
32	167/100	0.25	0.25	['A2', 'C#3', 'F3', 'B3', 'B4']	['M3', 'm6', 'M9', 'M16', 'd4', 'm7', 'm14', 'A4', 'A11', 'P8']	[0, 2, 4, 8]	[9, 11, 1, 5]
32	183/100	0.125	0.25	['B4']	[]	[0]	[11]
32	2.0	0.5	0.125	['A-2', 'E-3', 'F#3', 'B3', 'C5']	['P5', 'A6', 'A9', 'M17', 'A2', 'A5', 'M13', 'P4', 'd12', 'm9']	[0, 1, 4, 6, 9]	[3, 6, 8, 11, 0]
32	52/25	0.0625	0.25	['A-2', 'D3', 'F#3', 'C4', 'C5']	['A4', 'A6', 'M10', 'M17', 'M3', 'm7', 'm14', 'd5', 'd12', 'P8']	[0, 2, 6, 8]	[0, 2, 6, 8]
32	2.25	0.0625	0.125	['C5']	[]	[0]	[0]
32	233/100	0.25	0.125	['A-2', 'E-3', 'C4', 'E#4', 'C5']	['P5', 'M10', 'AA12', 'M17', 'M6', 'AA8', 'M13', 'A3', 'P8', 'd6']	[0, 3, 5, 8]	[0, 3, 5, 8]
32	121/50	0.0625	0.375	['A-2', 'D3', 'C4', 'F#4', 'C5']	['A4', 'M10', 'A13', 'M17', 'm7', 'm14', 'P8', 'd5']	[0, 2, 6, 8]	[0, 2, 6, 8]
32	267/100	0.25	0.25	['D3', 'F#4']	['M10']	[0, 4]	[2, 6]
32	283/100	0.125	0.125	['D5']	[]	[0]	[2]
32	73/25	0.0625	0.125	['E5']	[]	[0]	[4]
33	1.0	1.0	0.125	['G2', 'D3', 'F#3', 'D4', 'F#5']	['P5', 'M7', 'P12', 'M21', 'M3', 'P8', 'M17', 'm6', 'P15', 'M10']	[0, 1, 5]	[2, 6, 7]
33	27/25	0.0625	0.25	['G2', 'C3', 'F#3', 'E-4', 'F#5']	['P4', 'M7', 'm13', 'M21', 'A4', 'm10', 'A18', 'd7', 'P15', 'A9']	[0, 1, 4, 7]	[0, 3, 6, 7]
33	1.25	0.0625	0.125	['F#5']	[]	[0]	[6]
33	133/100	0.25	0.125	['G2', 'D3', 'F#3', 'D4', 'F#5']	['P5', 'M7', 'P12', 'M21', 'M3', 'P8', 'M17', 'm6', 'P15', 'M10']	[0, 1, 5]	[2, 6, 7]
33	71/50	0.0625	0.375	['G2', 'C3', 'F#3', 'E-4', 'F#5']	['P4', 'M7', 'm13', 'M21', 'A4', 'm10', 'A18', 'd7', 'P15', 'A9']	[0, 1, 4, 7]	[0, 3, 6, 7]
33	167/100	0.25	0.25	['G2', 'C3', 'F#3', 'E-4', 'G5']	['P4', 'M7', 'm13', 'P22', 'A4', 'm10', 'P19', 'd7', 'm16', 'M10']	[0, 1, 4, 7]	[0, 3, 6, 7]
33	183/100	0.125	0.25	['G2', 'G5']	['P22']	[0]	[7]
33	2.0	0.5	0.125	['G3', 'E-4', 'G4', 'B4', 'F#5']	['m6', 'P8', 'M10', 'M14', 'M3', 'A5', 'A9', 'M7', 'P5']	[0, 1, 4, 8]	[11, 3, 6, 7]
33	52/25	0.0625	0.25	['G3', 'D4', 'G4', 'B4', 'G5']	['P5', 'P8', 'M10', 'P15', 'P4', 'M6', 'P11', 'M3', 'm6']	[0, 3, 7]	[7, 11, 2]
33	2.25	0.0625	0.125	['G4']	[]	[0]	[7]
33	233/100	0.25	0.125	['G3', 'E-4', 'G4', 'B4', 'F#5']	['m6', 'P8', 'M10', 'M14', 'M3', 'A5', 'A9', 'M7', 'P5']	[0, 1, 4, 8]	[11, 3, 6, 7]
33	121/50	0.0625	0.25	['G3', 'D4', 'G4', 'B4', 'G5']	['P5', 'P8', 'M10', 'P15', 'P4', 'M6', 'P11', 'M3', 'm6']	[0, 3, 7]	[7, 11, 2]
33	129/50	0.0625	0.125	['G4']	[]	[0]	[7]
33	267/100	0.25	0.5				
34	1.0	1.0	0.125	['D3', 'B-3', 'F4', 'A4', 'F5']	['m6', 'm10', 'P12', 'm17', 'P5', 'M7', 'M3', 'P8']	[0, 1, 5, 8]	[9, 10, 2, 5]
34	27/25	0.0625	0.25	['D3', 'A3', 'F4', 'B-4', 'F5']	['P5', 'm10', 'm13', 'm17', 'm6', 'm9', 'P4', 'P8']	[0, 1, 5, 8]	[9, 10, 2, 5]
34	1.25	0.0625	0.125	['F5']	[]	[0]	[5]
34	133/100	0.25	0.125	['D3', 'B-3', 'F4', 'A4', 'F5']	['m6', 'm10', 'P12', 'm17', 'P5', 'M7', 'M3', 'P8']	[0, 1, 5, 8]	[9, 10, 2, 5]
34	71/50	0.0625	0.25	['D3', 'A3', 'F4', 'B-4', 'F5']	['P5', 'm10', 'm13', 'm17', 'm6', 'm9', 'P4', 'P8']	[0, 1, 5, 8]	[9, 10, 2, 5]
34	79/50	0.0625	0.125	['F4', 'F5']	['P8']	[0]	[5]
34	167/100	0.25	0.25	['F4', 'F5']	['P8']	[0]	[5]
34	183/100	0.125	0.25	['F4', 'F5']	['P8']	[0]	[5]
34	2.0	0.5	0.125	['F3', 'D4', 'A4', 'G#5']	['M6', 'M10', 'A16', 'P5', 'A11', 'M7']	[0, 1, 4, 7]	[2, 5, 8, 9]
34	52/25	0.0625	0.25	['F3', 'C#4', 'A4', 'A5']	['A5', 'M10', 'M17', 'm6', 'm13', 'P8']	[0, 4, 8]	[1, 5, 9]
34	2.25	0.0625	0.125	['A4']	[]	[0]	[9]
34	233/100	0.25	0.125	['F3', 'D4', 'A4', 'G#5']	['M6', 'M10', 'A16', 'P5', 'A11', 'M7']	[0, 1, 4, 7]	[2, 5, 8, 9]
34	121/50	0.0625	0.25	['F3', 'C#4', 'A4', 'A5']	['A5', 'M10', 'M17', 'm6', 'm13', 'P8']	[0, 4, 8]	[1, 5, 9]
34	129/50	0.0625	0.125	['A4']	[]	[0]	[9]
34	267/100	0.25	0.375	['A4']	[]	[0]	[9]
34	73/25	0.0625	0.125	['A4']	[]	[0]	[9]
35	1.0	1.0	0.125	['D3', 'B-3', 'F4', 'A4', 'F5']	['m6', 'm10', 'P12', 'm17', 'P5', 'M7', 'M3', 'P8']	[0, 1, 5, 8]	[9, 10, 2, 5]
35	27/25	0.0625	0.125	['D3', 'A3', 'F4', 'B-4', 'F5']	['P5', 'm10', 'm13', 'm17', 'm6', 'm9', 'P4', 'P8']	[0, 1, 5, 8]	[9, 10, 2, 5]
35	117/100	0.125	0.125	['D3', 'A3', 'B-4', 'F5']	['P5', 'm13', 'm17', 'm9']	[0, 1, 5, 8]	[9, 10, 2, 5]
35	1.25	0.0625	0.125	['F5']	[]	[0]	[5]
35	133/100	0.25	0.125	['D3', 'B-3', 'F4', 'A4', 'F5']	['m6', 'm10', 'P12', 'm17', 'P5', 'M7', 'M3', 'P8']	[0, 1, 5, 8]	[9, 10, 2, 5]
35	71/50	0.0625	0.125	['D3', 'A3', 'F4', 'B-4', 'F5']	['P5', 'm10', 'm13', 'm17', 'm6', 'm9', 'P4', 'P8']	[0, 1, 5, 8]	[9, 10, 2, 5]
35	1.5	0.125	0.125	['D3', 'A3', 'F4', 'B-4', 'F5']	['P5', 'm10', 'm13', 'm17', 'm6', 'm9', 'P4', 'P8']	[0, 1, 5, 8]	[9, 10, 2, 5]
35	79/50	0.0625	0.125	['F5']	[]	[0]	[5]
35	167/100	0.25	0.5	['F5']	[]	[0]	[5]
35	2.0	0.5	0.125	['F3', 'D4', 'A4', 'G#5']	['M6', 'M10', 'A16', 'P5', 'A11', 'M7']	[0, 1, 4, 7]	[2, 5, 8, 9]
35	52/25	0.0625	0.25	['F3', 'C#4', 'A4', 'A5']	['A5', 'M10', 'M17', 'm6', 'm13', 'P8']	[0, 4, 8]	[1, 5, 9]
35	2.25	0.0625	0.125	['A4']	[]	[0]	[9]
35	233/100	0.25	0.125	['F3', 'D4', 'A4', 'G#5']	['M6', 'M10', 'A16', 'P5', 'A11', 'M7']	[0, 1, 4, 7]	[2, 5, 8, 9]
35	121/50	0.0625	0.25	['F3', 'C#4', 'A4', 'A5']	['A5', 'M10', 'M17', 'm6', 'm13', 'P8']	[0, 4, 8]	[1, 5, 9]
35	129/50	0.0625	0.125				
35	267/100	0.25	0.25	['A4']	[]	[0]	[9]
35	283/100	0.125	0.25	['A4']	[]	[0]	[9]
36	1.0	1.0	0.125	['B-3', 'E4', 'F4', 'C#5', 'A5']	['A4', 'P5', 'A9', 'M14', 'm2', 'M6', 'P11', 'A5', 'M10', 'm6']	[0, 1, 4, 7, 8]	[9, 10, 1, 4, 5]
36	27/25	0.0625	0.25	['B-3', 'D4', 'F4', 'D5', 'A5']	['M3', 'P5', 'M10', 'M14', 'm3', 'P8', 'P12', 'M6']	[0, 1, 5, 8]	[9, 10, 2, 5]
36	1.25	0.0625	0.125	['A5']	[]	[0]	[9]
36	133/100	0.25	0.125	['B-3', 'E4', 'F4', 'C#5', 'A5']	['A4', 'P5', 'A9', 'M14', 'm2', 'M6', 'P11', 'A5', 'M10', 'm6']	[0, 1, 4, 7, 8]	[9, 10, 1, 4, 5]
36	71/50	0.0625	0.125	['B-3', 'D4', 'F4', 'D5', 'A5']	['M3', 'P5', 'M10', 'M14', 'm3', 'P8', 'P12', 'M6']	[0, 1, 5, 8]	[9, 10, 2, 5]
36	1.5	0.125	0.25	['B-3', 'D4', 'F4', 'D5', 'F5']	['M3', 'P5', 'M10', 'P12', 'm3', 'P8', 'm10', 'M6']	[0, 3, 7]	[10, 2, 5]
36	167/100	0.25	0.25	['D4', 'F4', 'D5', 'E5']	['m3', 'P8', 'M9', 'M6', 'M7', 'M2']	[0, 1, 3]	[2, 4, 5]
36	183/100	0.125	0.25	['E5']	[]	[0]	[4]
36	2.0	0.5	0.125	['D3', 'A3', 'F4', 'D5', 'E5', 'F5']	['P5', 'm10', 'P15', 'M16', 'm17', 'm6', 'P11', 'P12', 'm13', 'M6', 'M7', 'P8', 'M2', 'm3', 'm2']	[0, 2, 3, 7]	[2, 4, 5, 9]
36	52/25	0.0625	0.25	['D3', 'B-3', 'F4', 'F5']	['m6', 'm10', 'm17', 'P5', 'P12', 'P8']	[0, 3, 7]	[10, 2, 5]
36	2.25	0.0625	0.125	['F5']	[]	[0]	[5]
36	233/100	0.25	0.125	['D3', 'A3', 'F4', 'E5', 'F5']	['P5', 'm10', 'M16', 'm17', 'm6', 'P12', 'm13', 'M7', 'P8', 'm2']	[0, 2, 3, 7]	[2, 4, 5, 9]
36	121/50	0.0625	0.125	['D3', 'B-3', 'F4', 'F5']	['m6', 'm10', 'm17', 'P5', 'P12', 'P8']	[0, 3, 7]	[10, 2, 5]
36	2.5	0.125	0.25	['D3', 'B-3', 'F4', 'D5', 'F5']	['m6', 'm10', 'P15', 'm17', 'P5', 'M10', 'P12', 'M6', 'P8', 'm3']	[0, 3, 7]	[10, 2, 5]
36	267/100	0.25	0.25	['D3', 'B-3', 'F4', 'C5', 'F5']	['m6', 'm10', 'm14', 'm17', 'P5', 'M9', 'P12', 'P8', 'P4']	[0, 2, 4, 7]	[10, 0, 2, 5]
36	283/100	0.125	0.25	['C5']	[]	[0]	[0]
37	1.0	1.0	0.125	['E3', 'A3', 'D4', 'A#4', 'B4']	['P4', 'm7', 'A11', 'P12', 'A8', 'M9', 'A5', 'M6', 'm2']	[0, 1, 2, 5, 7]	[9, 10, 11, 2, 4]
37	27/25	0.0625	0.25	['E3', 'G#3', 'D4', 'B4']	['M3', 'm7', 'P12', 'd5', 'm10', 'M6']	[0, 2, 5, 8]	[8, 11, 2, 4]
37	1.25	0.0625	0.125	['B4']	[]	[0]	[11]
37	133/100	0.25	0.125	['E3', 'A3', 'D4', 'A#4', 'B4']	['P4', 'm7', 'A11', 'P12', 'A8', 'M9', 'A5', 'M6', 'm2']	[0, 1, 2, 5, 7]	[9, 10, 11, 2, 4]
37	71/50	0.0625	0.25	['E3', 'G#3', 'D4', 'B4']	['M3', 'm7', 'P12', 'd5', 'm10', 'M6']	[0, 2, 5, 8]	[8, 11, 2, 4]
37	79/50	0.0625	0.125	['E3', 'B4']	['P12']	[0, 5]	[11, 4]
37	167/100	0.25	0.16666666666666666	['A#4']	[]	[0]	[10]
37	89/50	0.0625	0.16666666666666666	['C5']	[]	[0]	[0]
37	189/100	0.0625	0.16666666666666666	['B4']	[]	[0]	[11]
37	2.0	0.5	0.125	['A2', 'F3', 'C4', 'G#4', 'A4']	['m6', 'm10', 'M14', 'P15', 'P5', 'A9', 'M10', 'A5', 'M6', 'm2']	[0, 3, 4, 7]	[5, 8, 9, 0]
37	52/25	0.0625	0.25	['A2', 'E3', 'C4', 'A4']	['P5', 'm10', 'P15', 'm6', 'P11', 'M6']	[0, 3, 7]	[9, 0, 4]
37	2.25	0.0625	0.125	['A4']	[]	[0]	[9]
37	233/100	0.25	0.125	['A2', 'F3', 'C4', 'G#4', 'A4']	['m6', 'm10', 'M14', 'P15', 'P5', 'A9', 'M10', 'A5', 'M6', 'm2']	[0, 3, 4, 7]	[5, 8, 9, 0]
37	121/50	0.0625	0.375	['A2', 'E3', 'C4', 'A4']	['P5', 'm10', 'P15', 'm6', 'P11', 'M6']	[0, 3, 7]	[9, 0, 4]
37	267/100	0.25	0.25	['A2', 'E3', 'C4', 'A4']	['P5', 'm10', 'P15', 'm6', 'P11', 'M6']	[0, 3, 7]	[9, 0, 4]
37	283/100	0.125	0.25				
38	1.0	1.0	0.125	['A2', 'D#3', 'D4', 'A4', 'B4']	['A4', 'P11', 'P15', 'M16', 'd8', 'd12', 'm13', 'P5', 'M6', 'M2']	[0, 1, 4, 6]	[9, 11, 2, 3]
38	27/25	0.0625	0.25	['A2', 'E3', 'D4', 'G#4', 'B4']	['P5', 'P11', 'M14', 'M16', 'm7', 'M10', 'P12', 'A4', 'M6', 'm3']	[0, 1, 3, 6, 8]	[8, 9, 11, 2, 4]
38	1.25	0.0625	0.125	['B4']	[]	[0]	[11]
38	133/100	0.25	0.125	['A2', 'D#3', 'D4', 'A4', 'B4']	['A4', 'P11', 'P15', 'M16', 'd8', 'd12', 'm13', 'P5', 'M6', 'M2']	[0, 1, 4, 6]	[9, 11, 2, 3]
38	71/50	0.0625	0.375	['A2', 'E3', 'D4', 'G#4', 'B4']	['P5', 'P11', 'M14', 'M16', 'm7', 'M10', 'P12', 'A4', 'M6', 'm3']	[0, 1, 3, 6, 8]	[8, 9, 11, 2, 4]
38	167/100	0.25	0.16666666666666666	['A2', 'E3', 'D4', 'G#4', 'A#4']	['P5', 'P11', 'M14', 'A15', 'm7', 'M10', 'A11', 'A4', 'A5', 'M2']	[0, 1, 2, 6, 8]	[8, 9, 10, 2, 4]
38	89/50	0.0625	0.08333333333333333	['A2', 'E3', 'D4', 'G#4', 'C5']	['P5', 'P11', 'M14', 'm17', 'm7', 'M10', 'm13', 'A4', 'd4']	[0, 1, 4, 6, 8]	[8, 9, 0, 2, 4]
38	183/100	0.125	0.08333333333333333	['C5']	[]	[0]	[0]
38	189/100	0.0625	0.16666666666666666	['B4']	[]	[0]	[11]
38	2.0	0.5	0.125	['A2', 'F3', 'C#4', 'G#4', 'A4']	['m6', 'M10', 'M14', 'P15', 'A5', 'A9', 'P5', 'm2']	[0, 1, 4, 8]	[1, 5, 8, 9]
38	52/25	0.0625	0.25	['A2', 'E3', 'C#4', 'A4']	['P5', 'M10', 'P15', 'M6', 'P11', 'm6']	[0, 3, 7]	[9, 1, 4]
38	2.25	0.0625	0.125	['A4']	[]	[0]	[9]
38	233/100	0.25	0.125	['A2', 'F3', 'C#4', 'G#4', 'A4']	['m6', 'M10', 'M14', 'P15', 'A5', 'A9', 'P5', 'm2']	[0, 1, 4, 8]	[1, 5, 8, 9]
38	121/50	0.0625	0.375	['A2', 'E3', 'C#4', 'A4']	['P5', 'M10', 'P15', 'M6', 'P11', 'm6']	[0, 3, 7]	[9, 1, 4]
38	267/100	0.25	0.25	['A2', 'E3', 'C#4', 'A4', 'E5']	['P5', 'M10', 'P15', 'P19', 'M6', 'P11', 'm6', 'm10']	[0, 3, 7]	[9, 1, 4]
38	283/100	0.125	0.25	['E5']	[]	[0]	[4]
39	1.0	1.0	0.125	['A2', 'F3', 'D4', 'F##4', 'B4']	['m6', 'P11', 'A13', 'M16', 'M6', 'AA8', 'A11', 'A3', 'd4']	[0, 2, 4, 6, 9]	[5, 7, 9, 11, 2]
39	27/25	0.0625	0.25	['A2', 'E3', 'D4', 'G#4', 'B4']	['P5', 'P11', 'M14', 'M16', 'm7', 'M10', 'P12', 'A4', 'M6', 'm3']	[0, 1, 3, 6, 8]	[8, 9, 11, 2, 4]
39	1.25	0.0625	0.125	['B4']	[]	[0]	[11]
39	133/100	0.25	0.125	['A2', 'F3', 'D4', 'F##4', 'B4']	['m6', 'P11', 'A13', 'M16', 'M6', 'AA8', 'A11', 'A3', 'd4']	[0, 2, 4, 6, 9]	[5, 7, 9, 11, 2]
39	71/50	0.0625	0.375	['A2', 'E3', 'D4', 'G#4', 'B4']	['P5', 'P11', 'M14', 'M16', 'm7', 'M10', 'P12', 'A4', 'M6', 'm3']	[0, 1, 3, 6, 8]	[8, 9, 11, 2, 4]
39	167/100	0.25	0.16666666666666666	['A2', 'E3', 'D4', 'G#4', 'A#4']	['P5', 'P11', 'M14', 'A15', 'm7', 'M10', 'A11', 'A4', 'A5', 'M2']	[0, 1, 2, 6, 8]	[8, 9, 10, 2, 4]
39	89/50	0.0625	0.08333333333333333	['A2', 'E3', 'D4', 'G#4', 'C5']	['P5', 'P11', 'M14', 'm17', 'm7', 'M10', 'm13', 'A4', 'd4']	[0, 1, 4, 6, 8]	[8, 9, 0, 2, 4]
39	183/100	0.125	0.08333333333333333	['C5']	[]	[0]	[0]
39	189/100	0.0625	0.16666666666666666	['B4']	[]	[0]	[11]
39	2.0	0.5	0.125	['A2', 'E3', 'C4', 'A4', 'B4']	['P5', 'm10', 'P15', 'M16', 'm6', 'P11', 'P12', 'M6', 'M7', 'M2']	[0, 2, 3, 7]	[9, 11, 0, 4]
39	52/25	0.0625	0.125	['A2', 'D#3', 'C4', 'A4', 'C5']	['A4', 'm10', 'P15', 'm17', 'd7', 'd12', 'd14', 'M6', 'P8', 'm3']	[0, 3, 6]	[9, 0, 3]
39	217/100	0.125	0.125	['A2', 'D#3', 'C4', 'F4', 'C5']	['A4', 'm10', 'm13', 'm17', 'd7', 'd10', 'd14', 'P4', 'P8', 'P5']	[0, 2, 5, 8]	[9, 0, 3, 5]
39	2.25	0.0625	0.125	['F4']	[]	[0]	[5]
39	233/100	0.25	0.125	['A2', 'E3', 'C4', 'F4', 'B4']	['P5', 'm10', 'm13', 'M16', 'm6', 'm9', 'P12', 'P4', 'M7', 'A4']	[0, 1, 3, 7, 8]	[4, 5, 9, 11, 0]
39	121/50	0.0625	0.375	['A2', 'D#3', 'C4', 'F4', 'C5']	['A4', 'm10', 'm13', 'm17', 'd7', 'd10', 'd14', 'P4', 'P8', 'P5']	[0, 2, 5, 8]	[9, 0, 3, 5]
39	267/100	0.25	0.25	['A2', 'D#3', 'C4', 'F4', 'C5']	['A4', 'm10', 'm13', 'm17', 'd7', 'd10', 'd14', 'P4', 'P8', 'P5']	[0, 2, 5, 8]	[9, 0, 3, 5]
39	283/100	0.125	0.25	['F4']	[]	[0]	[5]
40	1.0	1.0	0.125	['A2', 'D#3', 'D4', 'A4', 'B4']	['A4', 'P11', 'P15', 'M16', 'd8', 'd12', 'm13', 'P5', 'M6', 'M2']	[0, 1, 4, 6]	[9, 11, 2, 3]
40	27/25	0.0625	0.125	['A2', 'E3', 'D4', 'G#4', 'B4']	['P5', 'P11', 'M14', 'M16', 'm7', 'M10', 'P12', 'A4', 'M6', 'm3']	[0, 1, 3, 6, 8]	[8, 9, 11, 2, 4]
40	117/100	0.125	0.125	['A2', 'E3', 'G#4', 'B4']	['P5', 'M14', 'M16', 'M10', 'P12', 'm3']	[0, 2, 3, 7]	[4, 8, 9, 11]
40	1.25	0.0625	0.125	['B4']	[]	[0]	[11]
40	133/100	0.25	0.125	['A2', 'D#3', 'D4', 'A4', 'B4']	['A4', 'P11', 'P15', 'M16', 'd8', 'd12', 'm13', 'P5', 'M6', 'M2']	[0, 1, 4, 6]	[9, 11, 2, 3]
40	71/50	0.0625	0.375	['A2', 'E3', 'D4', 'G#4', 'B4']	['P5', 'P11', 'M14', 'M16', 'm7', 'M10', 'P12', 'A4', 'M6', 'm3']	[0, 1, 3, 6, 8]	[8, 9, 11, 2, 4]
40	167/100	0.25	0.16666666666666666	['A2', 'E3', 'D4', 'G#4', 'A#4']	['P5', 'P11', 'M14', 'A15', 'm7', 'M10', 'A11', 'A4', 'A5', 'M2']	[0, 1, 2, 6, 8]	[8, 9, 10, 2, 4]
40	89/50	0.0625	0.08333333333333333	['A2', 'E3', 'D4', 'G#4', 'C5']	['P5', 'P11', 'M14', 'm17', 'm7', 'M10', 'm13', 'A4', 'd4']	[0, 1, 4, 6, 8]	[8, 9, 0, 2, 4]
40	183/100	0.125	0.08333333333333333	['C5']	[]	[0]	[0]
40	189/100	0.0625	0.16666666666666666	['B4']	[]	[0]	[11]
40	2.0	0.5	0.125	['A2', 'F3', 'C#4', 'G#4', 'A4']	['m6', 'M10', 'M14', 'P15', 'A5', 'A9', 'P5', 'm2']	[0, 1, 4, 8]	[1, 5, 8, 9]
40	52/25	0.0625	0.25	['A2', 'E3', 'C#4', 'A4']	['P5', 'M10', 'P15', 'M6', 'P11', 'm6']	[0, 3, 7]	[9, 1, 4]
40	2.25	0.0625	0.125	['A4']	[]	[0]	[9]
40	233/100	0.25	0.125	['A2', 'F3', 'C#4', 'G#4', 'A4']	['m6', 'M10', 'M14', 'P15', 'A5', 'A9', 'P5', 'm2']	[0, 1, 4, 8]	[1, 5, 8, 9]
40	121/50	0.0625	0.375	['A2', 'E3', 'C#4', 'A4']	['P5', 'M10', 'P15', 'M6', 'P11', 'm6']	[0, 3, 7]	[9, 1, 4]
40	267/100	0.25	0.25	['A2', 'E3', 'C#4', 'A4', 'F5']	['P5', 'M10', 'P15', 'm20', 'M6', 'P11', 'm16', 'm6', 'd11']	[0, 1, 4, 8]	[9, 1, 4, 5]
40	283/100	0.125	0.25	['F5']	[]	[0]	[5]
41	1.0	1.0	0.125	['A2', 'F3', 'D4', 'F##4', 'B4']	['m6', 'P11', 'A13', 'M16', 'M6', 'AA8', 'A11', 'A3', 'd4']	[0, 2, 4, 6, 9]	[5, 7, 9, 11, 2]
41	27/25	0.0625	0.25	['A2', 'E3', 'D4', 'G#4', 'B4']	['P5', 'P11', 'M14', 'M16', 'm7', 'M10', 'P12', 'A4', 'M6', 'm3']	[0, 1, 3, 6, 8]	[8, 9, 11, 2, 4]
41	1.25	0.0625	0.125	['B4']	[]	[0]	[11]
41	133/100	0.25	0.125	['A2', 'F3', 'D4', 'F##4', 'B4']	['m6', 'P11', 'A13', 'M16', 'M6', 'AA8', 'A11', 'A3', 'd4']	[0, 2, 4, 6, 9]	[5, 7, 9, 11, 2]
41	71/50	0.0625	0.375	['A2', 'E3', 'D4', 'G#4', 'B4']	['P5', 'P11', 'M14', 'M16', 'm7', 'M10', 'P12', 'A4', 'M6', 'm3']	[0, 1, 3, 6, 8]	[8, 9, 11, 2, 4]
41	167/100	0.25	0.16666666666666666	['A2', 'E3', 'D4', 'G#4', 'A#4']	['P5', 'P11', 'M14', 'A15', 'm7', 'M10', 'A11', 'A4', 'A5', 'M2']	[0, 1, 2, 6, 8]	[8, 9, 10, 2, 4]
41	89/50	0.0625	0.08333333333333333	['A2', 'E3', 'D4', 'G#4', 'C5']	['P5', 'P11', 'M14', 'm17', 'm7', 'M10', 'm13', 'A4', 'd4']	[0, 1, 4, 6, 8]	[8, 9, 0, 2, 4]
41	183/100	0.125	0.08333333333333333	['C5']	[]	[0]	[0]
41	189/100	0.0625	0.16666666666666666	['B4']	[]	[0]	[11]
41	2.0	0.5	0.125	['A2', 'D#3', 'C4', 'A4', 'B4']	['A4', 'm10', 'P15', 'M16', 'd7', 'd12', 'm13', 'M6', 'M7', 'M2']	[0, 2, 3, 6]	[9, 11, 0, 3]
41	52/25	0.0625	0.25	['A2', 'E3', 'C4', 'A4']	['P5', 'm10', 'P15', 'm6', 'P11', 'M6']	[0, 3, 7]	[9, 0, 4]
41	2.25	0.0625	0.125	['A4']	[]	[0]	[9]
41	233/100	0.25	0.125	['A2', 'D#3', 'C4', 'A4', 'B4']	['A4', 'm10', 'P15', 'M16', 'd7', 'd12', 'm13', 'M6', 'M7', 'M2']	[0, 2, 3, 6]	[9, 11, 0, 3]
41	121/50	0.0625	0.375	['A2', 'E3', 'C4', 'A4']	['P5', 'm10', 'P15', 'm6', 'P11', 'M6']	[0, 3, 7]	[9, 0, 4]
41	267/100	0.25	0.25	['A2', 'E3', 'C4', 'A4', 'B4']	['P5', 'm10', 'P15', 'M16', 'm6', 'P11', 'P12', 'M6', 'M7', 'M2']	[0, 2, 3, 7]	[9, 11, 0, 4]
41	283/100	0.125	0.25	['B4']	[]	[0]	[11]
42	1.0	1.0	0.125	['A2', 'E3', 'D4', 'A4', 'B4']	['P5', 'P11', 'P15', 'M16', 'm7', 'P12', 'M6', 'M2']	[0, 2, 5, 7]	[9, 11, 2, 4]
42	27/25	0.0625	0.25	['A2', 'F3', 'D4', 'A4']	['m6', 'P11', 'P15', 'M6', 'M10', 'P5']	[0, 3, 7]	[2, 5, 9]
42	1.25	0.0625	0.125	['A4']	[]	[0]	[9]
42	133/100	0.25	0.125	['A2', 'E3', 'D4', 'A4', 'B4']	['P5', 'P11', 'P15', 'M16', 'm7', 'P12', 'M6', 'M2']	[0, 2, 5, 7]	[9, 11, 2, 4]
42	71/50	0.0625	0.375	['A2', 'F3', 'D4', 'A4']	['m6', 'P11', 'P15', 'M6', 'M10', 'P5']	[0, 3, 7]	[2, 5, 9]
42	167/100	0.25	0.25	['A2', 'F3', 'D4', 'A4', 'C5']	['m6', 'P11', 'P15', 'm17', 'M6', 'M10', 'P12', 'P5', 'm7', 'm3']	[0, 3, 5, 8]	[9, 0, 2, 5]
42	183/100	0.125	0.25	['C5']	[]	[0]	[0]
42	2.0	0.5	0.125	['A2', 'E3', 'E-4', 'A4', 'B4']	['P5', 'd12', 'P15', 'M16', 'd8', 'P11', 'P12', 'A4', 'A5', 'M2']	[0, 1, 5, 7]	[9, 11, 3, 4]
42	52/25	0.0625	0.25	['A2', 'F3', 'E-4', 'A4']	['m6', 'd12', 'P15', 'm7', 'M10', 'A4']	[0, 2, 6]	[3, 5, 9]
42	2.25	0.0625	0.125	['A4']	[]	[0]	[9]
42	233/100	0.25	0.125	['A2', 'E3', 'E-4', 'A4', 'B4']	['P5', 'd12', 'P15', 'M16', 'd8', 'P11', 'P12', 'A4', 'A5', 'M2']	[0, 1, 5, 7]	[9, 11, 3, 4]
42	121/50	0.0625	0.375	['A2', 'F3', 'E-4', 'A4']	['m6', 'd12', 'P15', 'm7', 'M10', 'A4']	[0, 2, 6]	[3, 5, 9]
42	267/100	0.25	0.25	['A2', 'F3', 'E-4', 'A4', 'E-5']	['m6', 'd12', 'P15', 'd19', 'm7', 'M10', 'm14', 'A4', 'P8', 'd5']	[0, 2, 6]	[3, 5, 9]
42	283/100	0.125	0.25	['E-5']	[]	[0]	[3]
43	1.0	1.0	0.125	['A2', 'D#3', 'E4', 'A4', 'B4']	['A4', 'P12', 'P15', 'M16', 'm9', 'd12', 'm13', 'P4', 'P5', 'M2']	[0, 1, 5, 7]	[9, 11, 3, 4]
43	27/25	0.0625	0.25	['A2', 'E3', 'E4', 'A4']	['P5', 'P12', 'P15', 'P8', 'P11', 'P4']	[0, 5]	[4, 9]
43	1.25	0.0625	0.125	['A4']	[]	[0]	[9]
43	133/100	0.25	0.125	['A2', 'D#3', 'E4', 'A4', 'B4']	['A4', 'P12', 'P15', 'M16', 'm9', 'd12', 'm13', 'P4', 'P5', 'M2']	[0, 1, 5, 7]	[9, 11, 3, 4]
43	71/50	0.0625	0.375	['A2', 'E3', 'E4', 'A4']	['P5', 'P12', 'P15', 'P8', 'P11', 'P4']	[0, 5]	[4, 9]
43	167/100	0.25	0.25	['A2', 'E3', 'E4', 'A4', 'E5']	['P5', 'P12', 'P15', 'P19', 'P8', 'P11', 'P4']	[0, 5]	[4, 9]
43	183/100	0.125	0.25	['E5']	[]	[0]	[4]
43	2.0	0.5	0.125	['A2', 'C#3', 'B-3', 'A4', 'B-4']	['M3', 'm9', 'P15', 'm16', 'd7', 'm13', 'd14', 'M7', 'P8', 'm2']	[0, 1, 4]	[9, 10, 1]
43	52/25	0.0625	0.25	['A2', 'D3', 'B-3', 'A4']	['P4', 'm9', 'P15', 'm6', 'P12', 'M7']	[0, 1, 5]	[9, 10, 2]
43	2.25	0.0625	0.125	['A4']	[]	[0]	[9]
43	233/100	0.25	0.125	['A2', 'C#3', 'B-3', 'A4', 'B-4']	['M3', 'm9', 'P15', 'm16', 'd7', 'm13', 'd14', 'M7', 'P8', 'm2']	[0, 1, 4]	[9, 10, 1]
43	121/50	0.0625	0.375	['A2', 'D3', 'B-3', 'A4']	['P4', 'm9', 'P15', 'm6', 'P12', 'M7']	[0, 1, 5]	[9, 10, 2]
43	267/100	0.25	0.25	['A2', 'D3', 'B-3', 'A4', 'F5']	['P4', 'm9', 'P15', 'm20', 'm6', 'P12', 'm17', 'M7']	[0, 1, 5, 8]	[9, 10, 2, 5]
43	283/100	0.125	0.25	['F5']	[]	[0]	[5]
44	1.0	1.0	0.125	['A2', 'D#3', 'A3', 'A4', 'B-4']	['A4', 'P8', 'P15', 'm16', 'd5', 'd12', 'd13', 'm9', 'm2']	[0, 1, 6]	[9, 10, 3]
44	27/25	0.0625	0.25	['A2', 'E3', 'A3', 'A4']	['P5', 'P8', 'P15', 'P4', 'P11']	[0, 5]	[4, 9]
44	1.25	0.0625	0.125	['A4']	[]	[0]	[9]
44	133/100	0.25	0.125	['A2', 'D#3', 'A3', 'B-4', 'A5']	['A4', 'P8', 'm16', 'P22', 'd5', 'd13', 'd19', 'm9', 'P15', 'M7']	[0, 1, 6]	[9, 10, 3]
44	71/50	0.0625	0.375	['A2', 'E3', 'A3', 'A4', 'A5']	['P5', 'P8', 'P15', 'P22', 'P4', 'P11', 'P18']	[0, 5]	[4, 9]
44	167/100	0.25	0.25	['A2', 'E3', 'A3', 'A4', 'A5']	['P5', 'P8', 'P15', 'P22', 'P4', 'P11', 'P18']	[0, 5]	[4, 9]
44	183/100	0.125	0.25	['A5']	[]	[0]	[9]
44	2.0	0.5	0.125	['A2', 'E3', 'D4', 'B-4', 'A5']	['P5', 'P11', 'm16', 'P22', 'm7', 'd12', 'P18', 'm6', 'P12', 'M7']	[0, 1, 5, 7]	[9, 10, 2, 4]
44	52/25	0.0625	0.125	['A2', 'F3', 'D4', 'A4', 'G#5']	['m6', 'P11', 'P15', 'M21', 'M6', 'M10', 'A16', 'P5', 'A11', 'M7']	[0, 1, 4, 7]	[2, 5, 8, 9]
44	217/100	0.125	0.125	['A2', 'F3', 'D4', 'A4', 'G5']	['m6', 'P11', 'P15', 'm21', 'M6', 'M10', 'M16', 'P5', 'm7']	[0, 2, 4, 7]	[2, 5, 7, 9]
44	2.25	0.0625	0.125	['F#5']	[]	[0]	[6]
44	233/100	0.25	0.125	['A2', 'E3', 'D4', 'B-4', 'F5']	['P5', 'P11', 'm16', 'm20', 'm7', 'd12', 'm6', 'm10']	[0, 1, 3, 7, 8]	[9, 10, 2, 4, 5]
44	121/50	0.0625	0.125	['A2', 'F3', 'D4', 'A4', 'E5']	['m6', 'P11', 'P15', 'P19', 'M6', 'M10', 'M14', 'P5', 'M9']	[0, 2, 3, 7]	[2, 4, 5, 9]
44	2.5	0.125	0.125	['A2', 'F3', 'D4', 'A4', 'E-5']	['m6', 'P11', 'P15', 'd19', 'M6', 'M10', 'm14', 'P5', 'm9', 'd5']	[0, 1, 3, 7]	[2, 3, 5, 9]
44	129/50	0.0625	0.125	['A2', 'F3', 'D4', 'A4', 'D5']	['m6', 'P11', 'P15', 'P18', 'M6', 'M10', 'M13', 'P5', 'P8', 'P4']	[0, 3, 7]	[2, 5, 9]
44	267/100	0.25	0.125	['A2', 'F3', 'D4', 'A4', 'C#5']	['m6', 'P11', 'P15', 'M17', 'M6', 'M10', 'A12', 'P5', 'M7', 'M3']	[0, 1, 4, 8]	[1, 2, 5, 9]
44	2.75	0.0625	0.125	['A2', 'F3', 'D4', 'A4', 'C5']	['m6', 'P11', 'P15', 'm17', 'M6', 'M10', 'P12', 'P5', 'm7', 'm3']	[0, 3, 5, 8]	[9, 0, 2, 5]
44	283/100	0.125	0.125	['B4']	[]	[0]	[11]
44	73/25	0.0625	0.125	['B-4']	[]	[0]	[10]
45	1.0	1.0	0.125	['A2', 'D#3', 'C#4', 'A4', 'B-4']	['A4', 'M10', 'P15', 'm16', 'm7', 'd12', 'd13', 'm6', 'd7', 'm2']	[0, 1, 4, 6]	[9, 10, 1, 3]
45	27/25	0.0625	0.25	['A2', 'E3', 'C#4', 'A4']	['P5', 'M10', 'P15', 'M6', 'P11', 'm6']	[0, 3, 7]	[9, 1, 4]
45	1.25	0.0625	0.125	['A4']	[]	[0]	[9]
45	133/100	0.25	0.125	['A2', 'D#3', 'C#4', 'A4', 'B-4']	['A4', 'M10', 'P15', 'm16', 'm7', 'd12', 'd13', 'm6', 'd7', 'm2']	[0, 1, 4, 6]	[9, 10, 1, 3]
45	71/50	0.0625	0.375	['A2', 'E3', 'C#4', 'A4']	['P5', 'M10', 'P15', 'M6', 'P11', 'm6']	[0, 3, 7]	[9, 1, 4]
45	167/100	0.25	0.25	['A2', 'E3', 'C#4', 'A4']	['P5', 'M10', 'P15', 'M6', 'P11', 'm6']	[0, 3, 7]	[9, 1, 4]
45	183/100	0.125	0.25	['A4']	[]	[0]	[9]
45	2.0	0.5	0.125	['A2', 'D#3', 'C4', 'A4', 'B4']	['A4', 'm10', 'P15', 'M16', 'd7', 'd12', 'm13', 'M6', 'M7', 'M2']	[0, 2, 3, 6]	[9, 11, 0, 3]
45	52/25	0.0625	0.25	['A2', 'E3', 'C4', 'A4']	['P5', 'm10', 'P15', 'm6', 'P11', 'M6']	[0, 3, 7]	[9, 0, 4]
45	2.25	0.0625	0.125	['A4']	[]	[0]	[9]
45	233/100	0.25	0.125	['A2', 'D#3', 'C4', 'A4', 'B4']	['A4', 'm10', 'P15', 'M16', 'd7', 'd12', 'm13', 'M6', 'M7', 'M2']	[0, 2, 3, 6]	[9, 11, 0, 3]
45	121/50	0.0625	0.375	['A2', 'E3', 'C4', 'A4']	['P5', 'm10', 'P15', 'm6', 'P11', 'M6']	[0, 3, 7]	[9, 0, 4]
45	267/100	0.25	0.25	['A2', 'E3', 'C4', 'A4']	['P5', 'm10', 'P15', 'm6', 'P11', 'M6']	[0, 3, 7]	[9, 0, 4]
45	283/100	0.125	0.25				
46	1.0	1.0	0.5	['A3', 'C4', 'E4', 'A4', 'A5', 'C6', 'E6', 'A6']	['m3', 'P5', 'P8', 'P15', 'm17', 'P19', 'P22', 'M3', 'M6', 'M13', 'M17', 'M20', 'P4', 'P11', 'm13', 'P18', 'm10', 'P12']	[0, 3, 7]	[9, 0, 4]
46	133/100	0.25	2.5				
